name,name_original,source_table,section,label_es,type,domain_min,domain_max,domain_levels,unit,notes
nboletahogar,nboletahogar,nino,a. Información básica,número del cuestionario del hogar,id,,,,,
pesonino,pesonino,nino,a. Información básica,Pesos muestrales para niños,numeric_continuous,0,100000,,,survey weights for child sample
conglomerado,Conglomerado,nino,a. Información básica,ID Cartográfica: conglomerado; utiliza para corregir los errores estándares en todos los análisis,numeric_continuous,0,100000000,,id,cluster identifier
feradj,FERadj,nino,g. Índices biológicos,Ferritina sérica (SF) [mcg/L] ajustado por Proteína C reactiva (CRP) y Glicoproteína ácido alfa 1 (AGP) según BRINDA,numeric_continuous,0,2000,,ug/L,
stfradj,sTFRadj,nino,g. Índices biológicos,Receptores solubles de transferrina (sTFR) [mg/L] ajustado por Glicoproteína ácido alfa 1 (AGP) según BRINDA,numeric_continuous,0,50,,mg/L,
rbpadj,RBPadj,nino,g. Índices biológicos,Proteína Fijadora de Retinol [RBP]  [mcmol/L] corregida por inflamación por BRINDA,numeric_continuous,0,10,,umol/L,
boletanino,BOLETANINO,nino,a. Información básica,número del cuestionario del niño,id,,,,,
notabletan,NOTABLETAN,nino,a. Información básica,número de la tableta,id,,,,,
nlinea,NLINEA,nino,a. Información básica,número de línea (A029 de cuestionario de hogar),id,,,,,
sexonino,SexoNino,nino,b. Characterísticas generales,Sexo del niño,binary,,,1;2,,
alturaindnino,ALTURAINDNINO,nino,g. Índices biológicos,Altura sobre nivel del mar del niño (m),numeric_continuous,0,4500,,m,altitude m above sea level
fer,FER,nino,g. Índices biológicos,Ferritina sérica (SF) [mcg/L],numeric_continuous,0,2000,,ug/L,
stfr,STFR,nino,g. Índices biológicos,Receptores solubles de transferrina (sTFR) [mg/L],numeric_continuous,0,50,,mg/L,
bis,BIS,nino,g. Índices biológicos,Reservas de Hierro Corporal (BIS) [MG/KG Peso],numeric_continuous,-15,30,,mg/kg,Body Iron Stores; negative legitimate (deficit)
rbp,RBP,nino,g. Índices biológicos,Proteína fijadora de retinol (RBP) [mcmol/L],numeric_continuous,0,10,,umol/L,
obs_rbp,Obs_RBP,nino,g. Índices biológicos,Observaciones del analisis de RBP,binary,,,>UDL (6.0),,
crp,CRP,nino,g. Índices biológicos,Proteína C reactiva (CRP) [mg/L],numeric_continuous,0,300,,mg/L,
obs_crp,Obs_CRP,nino,g. Índices biológicos,Observaciones del analisis de CRP,binary,,,<LDL (0.05),,
agp,AGP,nino,g. Índices biológicos,Glicoproteína ácido alfa 1 (AGP) [g/L],numeric_continuous,0,5,,g/L,
brc_def_fer_nino,brc_DEF_FER_NINO,nino,g. Índices biológicos,Ferritina Baja(<12 mcg/L)-corregida por inflamación segun BRINDA,binary,,,No;SI,,
def_fer_nino,DEF_FER_NINO,nino,g. Índices biológicos,Ferritina Baja(<12 mcg/L) - no corregida por inflamación,binary,,,No;SI,,
elevtfr_brc,elevTFR_BRC,nino,g. Índices biológicos,Receptores solubles de Transferrina [sTfR] Elevada (>8.3 mg/L)-corregida por inflamación segun BRINDA,binary,,,No;SI,,
anemian,ANEMIAN,nino,g. Índices biológicos,Anemia en el niño (Hb ajustada <11 g/dL),binary,,,1 SI;2 NO,,
brc_ida_nino,brc_IDA_NINO,nino,g. Índices biológicos,"Anemia por deficiencia de hierro [IDA], HB<11 g/dL (ajustada por altitud) & SF <12 mcg/L (corregida por inflamación segun BRINDA)",binary,,,No;SI,,
ida_nino,IDA_NINO,nino,g. Índices biológicos,"Anemia por deficiencia de hierro [IDA], HB<11 g/dL (ajustada por altitud) & SF <12 mcg/L (no corregida por inflamación)",binary,,,No;SI,,
elevtfr,elevTFR,nino,g. Índices biológicos,Receptores solubles de Transferrina [sTfR] Elevada(>8.3 mg/L)-no corregida por inflamación,binary,,,No;SI,,
elisa_data,Elisa_data,nino,g. Índices biológicos,Variable indicador para no faltar datos de ELISA,binary,,,0;1,,
talla_cm,Talla_cm,nino,f. Antropometría,Talla/longitud del niño (cm),numeric_continuous,30,200,,cm,anthropometric height/length
medida_lh,medida_lh,nino,f. Antropometría,Medida Talla (H) o Longitud (L),binary,,,H;L,,
peso_kg,Peso_kg,nino,f. Antropometría,Peso del niño (kg) - menos peso de su ropa,numeric_continuous,0.5,200,,kg,anthropometric weight
muac_cm,MUAC_cm,nino,f. Antropometría,Perímetro braquial (cm),numeric_continuous,5,74.2,,cm,mid-upper arm circumference
edad_an,Edad_an,nino,b. Characterísticas generales,Edad del niño (años) calculado de fecha de nacimiento,numeric_integer,0,100,,years,
edad_mes,Edad_mes,nino,b. Characterísticas generales,Edad del niño (meses) calculado de fecha de nacimiento,numeric_integer,0,60.8333,,months,
edad_dias,Edad_dias,nino,b. Characterísticas generales,Edad del niño (días) calculado de fecha de nacimiento,numeric_integer,0,2200,,days,
cbmi,_CBMI,nino,f. Antropometría,Indice de Masa Corporal calculado por el macro de OMS,numeric_continuous,0,29.21915,,,bounds inferred from observed range with buffer; requires review
zwei,_ZWEI,nino,f. Antropometría,Peso por edad puntuación Z calculado por el macro de OMS,numeric_continuous,-6,6,,z-score,
zlen,_ZLEN,nino,f. Antropometría,Longitúd/talla por edad puntuación Z calculado por el macro de OMS,numeric_continuous,-6,6,,z-score,
zwfl,_ZWFL,nino,f. Antropometría,Peso por longitúd/talla puntuación Z calculado por el macro de OMS,numeric_continuous,-6,6,,z-score,
zbmi,_ZBMI,nino,f. Antropometría,Indice de Masa Corporal Puntuación Z calculado por el macro de OMS,numeric_continuous,-6,49.18,,z-score,
wfh,WFH,nino,f. Antropometría,"Categorías de Peso por longitúd/talla puntuación Z: 1=Desnutrición aguda, 0=No desnutrición aguda",binary,,,0;1,,
hfa,HFA,nino,f. Antropometría,"Categorías de Longitúd/talla por edad puntuación Z: 1=Desnutrición crónica, 0=No desnutrición crónica",numeric_integer,0,1,,,
wfa,WFA,nino,f. Antropometría,"Categorías de Peso por edad puntuación Z: 1=Desnutrición global, 0=No desnutrición global",binary,,,0;1,,
imc,IMC,nino,f. Antropometría,"Categorías de Indice de Masa Corporal: 0=Peso Normal, 1=Bajo Peso, 2=Sobrepeso",factor,,,0;1;2,,
edadmeses,edadmeses,nino,b. Characterísticas generales,Categorías de edad del niño en meses,factor,,,A.0-5m;B.6-11m;C.12-23m;D.24-35m;E.36-47m;F.48-59m,,
grupoetnico,GrupoEtnico,nino,b. Characterísticas generales,"Grupo étnico del niño: Indígena o no indígena, por observación del entrevistador",binary,,,Indígena;No indígena,,
grupoetnico_reportado,GrupoEtnico_reportado,nino,b. Characterísticas generales,"Grupo étnico del niño: Indígena o no indígena, reportado de la madre",binary,,,Indígena;No indígena,,
resultado_entrevista1,Resultado_entrevista1,nino,a. Información básica,"Resultado de la primera entrevista (completa, parcial, etc), utilizado para determinar la proporción de encuestados",factor,,,1;2;3;4;5;96,,
resultado_entrevista2,Resultado_entrevista2,nino,a. Información básica,"Resultado de la segunda entrevista (completa, parcial, etc), utilizado para determinar la proporción de encuestados",factor,,,1;3;5,,
resultado_entrevista3,Resultado_entrevista3,nino,a. Información básica,"Resultado de la tercera entrevista (completa, parcial, etc), utilizado para determinar la proporción de encuestados",binary,,,1,,
idioma_entrevista,Idioma_entrevista,nino,a. Información básica,Idioma de la entrevista,factor,,,1;2;3;4;5;9;11;96,,
idioma_entrevista_otro,Idioma_entrevista_otro,nino,a. Información básica,"Idioma de la entrevista, otro especificado",binary,,,chuj,,
uso_interprete,Uso_interprete,nino,a. Información básica,Usó un interprete: Sí o No,binary,,,1;2,,
idioma_materno,Idioma_materno,nino,a. Información básica,El idioma materno del encuestado,factor,,,01;02;03;04;05;07;08;11;12;13;14;96,,
idioma_materno_otro,Idioma_materno_otro,nino,a. Información básica,"Otro idioma materno del encuestado, especificado",factor,,,Achi;AXI;chuj;CHUJ;CHUJ COATANECO,,
edad_nino_filtro,Edad_nino_filtro,nino,b. Characterísticas generales,Edad del niño reportado por el encuestado (filtro para la encuesta),factor,,,0;1;2;3;4;5,,
grupoetnico_otro,GrupoEtnico_otro,nino,b. Characterísticas generales,"Grupo étnico del niño: otro especificado, por observación del entrevistador",text,,,,,
grupoetnico_reportado_otro,GrupoEtnico_reportado_otro,nino,b. Characterísticas generales,"Grupo étnico del niño: otro especificado, reportado de la madre",factor,,,MAYA;MESTIZA;MESTIZO;NO SABE,,
carnet_salud_tiene,Carnet_salud_tiene,nino,c. Salud en la niñez,Tiene el carné de salud infantil o de vacunación,factor,,,1;2;99,,
carnet_salud_tuvo,Carnet_salud_tuvo,nino,c. Salud en la niñez,Alguna vez tuvo el carné de salud infantil o de vacunación,factor,,,1;2;98,,
carnet_salud_reposicion,Carnet_salud_reposicion,nino,c. Salud en la niñez,El carné de salud es el primero o es reposición,factor,,,1;2;98,,
bcg,BCG,nino,c. Salud en la niñez,BCG-dosis unica inyectada bracitio izquierdo,binary,,,01-Si;02-No,,
hepb_1,hepb_1,nino,c. Salud en la niñez,Hepatitis B-1,binary,,,01-Si;02-No,,
polio_1,polio_1,nino,c. Salud en la niñez,Polio 1--tomada en gotitas,binary,,,01-Si;02-No,,
penta_1,penta_1,nino,c. Salud en la niñez,Pentatavalente(penta)-1 inyectada en la piernita,binary,,,01-Si;02-No,,
rota_1,rota_1,nino,c. Salud en la niñez,Rotavirus-1 tomada en gotitas,binary,,,01-Si;02-No,,
neumo_1,neumo_1,nino,c. Salud en la niñez,Neumococo 1,binary,,,01-Si;02-No,,
polio_2,polio_2,nino,c. Salud en la niñez,Polio 2,binary,,,01-Si;02-No,,
penta_2,penta_2,nino,c. Salud en la niñez,Penta 2,binary,,,01-Si;02-No,,
rota_2,rota_2,nino,c. Salud en la niñez,Rotavirus-2,binary,,,01-Si;02-No,,
neumo_2,neumo_2,nino,c. Salud en la niñez,Neumococo 2,binary,,,01-Si;02-No,,
polio_3,polio_3,nino,c. Salud en la niñez,Polio 3,binary,,,01-Si;02-No,,
penta_3,penta_3,nino,c. Salud en la niñez,Penta 3,binary,,,01-Si;02-No,,
spr,spr,nino,c. Salud en la niñez,"SPR-samarampion, paperas,rubeola",binary,,,01-Si;02-No,,
neumo_refuerzo,neumo_refuerzo,nino,c. Salud en la niñez,Neumococo refuerzo,binary,,,01-Si;02-No,,
polio_refuerzo1,polio_refuerzo1,nino,c. Salud en la niñez,Polio refuerzo 1,binary,,,01-Si;02-No,,
dpt_refuerzo1,dpt_refuerzo1,nino,c. Salud en la niñez,DPT refuerzo 1,binary,,,01-Si;02-No,,
polio_refuerzo2,polio_refuerzo2,nino,c. Salud en la niñez,Polio refuerzo 2,binary,,,01-Si;02-No,,
dpt_refuerzo2,dpt_refuerzo2,nino,c. Salud en la niñez,DPT refuerzo 2,binary,,,01-Si;02-No,,
anti_influenza,anti_influenza,nino,c. Salud en la niñez,Influenza-anote del ultima,binary,,,01-Si;02-No,,
control_carnet_antro,Control_carnet_antro,nino,c. Salud en la niñez,¿Tiene el carné infantil información sobre toma de peso y de talla?,factor,,,1;2;3;4,,
control_antro_vez,Control_antro_vez,nino,c. Salud en la niñez,Alguna vez han pesado o medido la talla/estatura del niño,factor,,,1;2;98,,
control_numero_peso,Control_numero_peso,nino,c. Salud en la niñez,número de controles de peso que aparecen registrados en carné en los últimos 12 meses,numeric_continuous,0,19.5,,,bounds inferred from observed range with buffer; requires review
control_numero_peso_noreg,Control_numero_peso_NoReg,nino,c. Salud en la niñez,Ningún control de peso registrado en los últimos 12 meses,binary,,,01-No;01-Si,,
control_numero_peso_nocarnet,Control_numero_peso_NoCarnet,nino,c. Salud en la niñez,No tiene carné de salud para anotar controles de peso,binary,,,01-No;01-Si,,
control_fecha_peso_penultimo,Control_fecha_peso_penultimo,nino,c. Salud en la niñez,Fecha del penúltimo control de peso,numeric_continuous,0,22292,,,bounds inferred from observed range with buffer; requires review
control_fecha_peso_ultimo,Control_fecha_peso_ultimo,nino,c. Salud en la niñez,Fecha del último control de peso,numeric_continuous,0,22420,,,bounds inferred from observed range with buffer; requires review
control_numero_talla,Control_numero_talla,nino,c. Salud en la niñez,número de controles de talla que aparecen registrados en carné en los últimos 12 meses,numeric_continuous,0,21,,,bounds inferred from observed range with buffer; requires review
control_numero_talla_noreg,Control_numero_talla_NoReg,nino,c. Salud en la niñez,Ningún control de talla registrado en los últimos 12 meses,binary,,,No;Yes,,
control_numero_talla_nocarnet,Control_numero_talla_NoCarnet,nino,c. Salud en la niñez,No tiene carné de salud para anotar controles de talla,binary,,,No;Yes,,
control_fecha_talla_penultimo,Control_fecha_talla_penultimo,nino,c. Salud en la niñez,Fecha del penúltimo control de talla,numeric_continuous,0,22544,,,bounds inferred from observed range with buffer; requires review
control_fecha_talla_ultimo,Control_fecha_talla_ultimo,nino,c. Salud en la niñez,Fecha del último control de talla,numeric_continuous,0,22353,,,bounds inferred from observed range with buffer; requires review
intervalo,Intervalo,nino,c. Salud en la niñez,Meses entre los últimos dos controles(revision de carné),numeric_continuous,-11.2333,200,,months,
control_puntos_graficas,Control_puntos_graficas,nino,c. Salud en la niñez,Aparecen puntos marcados en las gráficas de peso/talla,factor,,,1;2;3;98,,
control_linea_graficas,Control_linea_graficas,nino,c. Salud en la niñez,Aparecen líneas marcadas en las gráficas de peso/talla,factor,,,1;2;3;98,,
control_pesado,Control_pesado,nino,c. Salud en la niñez,niño pesado en los últimos 12 meses (reportado por la madre),factor,,,1;2;98,,
control_medido,Control_medido,nino,c. Salud en la niñez,La talla del niño medido en los últimos 12 meses (reportado por la madre),binary,,,1;2,,
control_donde,Control_donde,nino,c. Salud en la niñez,Donde pesan y miden al niño,factor,,,1;2;3;4;5;6;96,,
control_quien,Control_quien,nino,c. Salud en la niñez,Quien pesa y mide al niño,factor,,,1;2;3;4;96;98,,
control_quien_otro,Control_quien_otro,nino,c. Salud en la niñez,"Quien pesa y mide al niño, otro especificado",binary,,,PRACTICANTE DE ENFERMERIA,,
control_estado_peso,Control_estado_peso,nino,c. Salud en la niñez,La última vez que pesaron al niño le dijeron si estaba bien de peso o con bajo peso o peso demasiado alto,factor,,,1;2;3;4;98,,
control_estado_talla,Control_estado_talla,nino,c. Salud en la niñez,La última vez que midieron la talla/estatura del niño le dijeron si estaba bien de talla o con talla baja,factor,,,1;2;3;4;98,,
control_consejo_comer,Control_consejo_comer,nino,c. Salud en la niñez,"La última vez que pesaron al niño, le aconsejaron acerca de lo que debía comer",factor,,,1;2;98,,
medicina_ayer,Medicina_ayer,nino,c. Salud en la niñez,"Ayer, le dieron a alguna medicina o vitaminas",binary,,,1;2,,
suero_ayer,Suero_ayer,nino,c. Salud en la niñez,"Ayer, le dieron a suero oral",binary,,,1;2,,
edad_6meses_filtro,Edad_6meses_filtro,nino,c. Salud en la niñez,niño tiene 6 meses o más (filtro para la encuesta),binary,,,1;2,,
control_carnet_micron,Control_carnet_micron,nino,c. Salud en la niñez,¿Tiene el carné infantil información sobre la entrega de suplementos de micronutrientes durante los controles?,factor,,,1;2;98,,
control_vitaminaa,Control_VitaminaA,nino,c. Salud en la niñez,Alguna vez en una visita médica o monitoreo de crecimiento le administraron Vitamina A al niño,factor,,,1;2;98,,
control_vitaminaa_tiempo,Control_VitaminaA_tiempo,nino,c. Salud en la niñez,Hace cuanto tiempo le administraron al niño la Vitamina A,binary,,,0-3 meses;7+ meses,,
chispitas_vez,Chispitas_vez,nino,c. Salud en la niñez,"Alguna vez obtuvo sobres de vitaminas y minerales espolvoreados o ""Chispitas"" para darle al niño",factor,,,1;2;3;98,,
chispitas_nunca_noservicios,Chispitas_nunca_noservicios,nino,c. Salud en la niñez,Por qué motivos nunca obtuvo chispitas: no asisten a los servicios de salud,binary,,,No;Yes,,
chispitas_nunca_nohabia,Chispitas_nunca_nohabia,nino,c. Salud en la niñez,Por qué motivos nunca obtuvo chispitas: no había chispitas en el servicio,binary,,,No;Yes,,
chispitas_nunca_nolegusta,Chispitas_nunca_nolegusta,nino,c. Salud en la niñez,Por qué motivos nunca obtuvo chispitas: ella rehusó porque no le gustan,binary,,,No,,
chispitas_nunca_efectos,Chispitas_nunca_efectos,nino,c. Salud en la niñez,Por qué motivos nunca obtuvo chispitas: ella rehusó por temor a los efectos secundarios,binary,,,No,,
chispitas_nunca_noconoce,Chispitas_nunca_noconoce,nino,c. Salud en la niñez,Por qué motivos nunca obtuvo chispitas: ella rehusó porque no las conoce,binary,,,No,,
chispitas_nunca_rechazado,Chispitas_nunca_rechazado,nino,c. Salud en la niñez,Por qué motivos nunca obtuvo chispitas: ella rehusó porque alguno de sus hijos lo ha rechazado,binary,,,No,,
chispitas_nunca_nocome,Chispitas_nunca_nocome,nino,c. Salud en la niñez,Por qué motivos nunca obtuvo chispitas: ella rehusó porque hijo/a no come todavía,binary,,,No;Yes,,
chispitas_nunca_dificil,Chispitas_nunca_dificil,nino,c. Salud en la niñez,Por qué motivos nunca obtuvo chispitas: ella rehusó porque es difícil usarlas,binary,,,No,,
chispitas_nunca_otro,Chispitas_nunca_otro,nino,c. Salud en la niñez,Por qué motivos nunca obtuvo chispitas: otro,binary,,,No;Yes,,
chispitas_nunca_otro_esp,Chispitas_nunca_otro_esp,nino,c. Salud en la niñez,"Por qué motivos nunca obtuvo chispitas: otro, especificado",text,,,,,
chispitas_6mes,Chispitas_6mes,nino,c. Salud en la niñez,"En los últimos 6 meses obtuvo sobres de vitaminas y minerales espolvoreados o ""Chispitas"" para darle al niño",binary,,,1;2,,
chispitas_no6mes_noservicios,Chispitas_no6mes_noservicios,nino,c. Salud en la niñez,Por qué motivos no obtuvo chispitas en los últimos 6 meses: no asisten a los servicios de salud,binary,,,No;Yes,,
chispitas_no6mes_nohabia,Chispitas_no6mes_nohabia,nino,c. Salud en la niñez,Por qué motivos no obtuvo chispitas en los últimos 6 meses: no había chispitas en el servicio,binary,,,No;Yes,,
chispitas_no6mes_nolegusta,Chispitas_no6mes_nolegusta,nino,c. Salud en la niñez,Por qué motivos no obtuvo chispitas en los últimos 6 meses: ella rehusó porque no le gustan,binary,,,No,,
chispitas_no6mes_efectos,Chispitas_no6mes_efectos,nino,c. Salud en la niñez,Por qué motivos no obtuvo chispitas en los últimos 6 meses: ella rehusó por temor a los efectos secundarios,binary,,,No;Yes,,
chispitas_no6mes_noprep,Chispitas_no6mes_noprep,nino,c. Salud en la niñez,Por qué motivos no obtuvo chispitas en los últimos 6 meses: ella rehusó porque no supo prepararlas,binary,,,No,,
chispitas_no6mes_rechazado,Chispitas_no6mes_rechazado,nino,c. Salud en la niñez,Por qué motivos no obtuvo chispitas en los últimos 6 meses: ella rehusó porque alguno de sus hijos lo ha rechazado,binary,,,No,,
chispitas_no6mes_nocome,Chispitas_no6mes_nocome,nino,c. Salud en la niñez,Por qué motivos no obtuvo chispitas en los últimos 6 meses: ella rehusó porque hijo/a no come todavía,binary,,,No;Yes,,
chispitas_no6mes_dificil,Chispitas_no6mes_dificil,nino,c. Salud en la niñez,Por qué motivos no obtuvo chispitas en los últimos 6 meses: ella rehusó porque es difícil usarlas,binary,,,No,,
chispitas_no6mes_otro,Chispitas_no6mes_otro,nino,c. Salud en la niñez,Por qué motivos no obtuvo chispitas en los últimos 6 meses: otro,binary,,,No;Yes,,
chispitas_no6mes_otro_esp,Chispitas_no6mes_otro_esp,nino,c. Salud en la niñez,"Por qué motivos no obtuvo chispitas en los últimos 6 meses: otro, especificado",text,,,,,
chispitas_donde,Chispitas_donde,nino,c. Salud en la niñez,"Donde obtuvo sobres de vitaminas y minerales espolvoreados o ""Chispitas"" para darle al niño",factor,,,1;2;3;4;96,,
chispitas_todo_parte,Chispitas_todo_parte,nino,c. Salud en la niñez,Le dio todo o parte de las vitaminas y minerales espolvoreados a su niño(a),factor,,,1;2;98,,
chispitas_sobresdelpaquete,Chispitas_sobresdelpaquete,nino,c. Salud en la niñez,"Del paquete de sobres de vitaminas y minerales espolvoreados, cuanto le dio",factor,,,1;2;3;4;98,,
chispitas_notodo_razon,Chispitas_notodo_razon,nino,c. Salud en la niñez,¿Por qué no dio el total de dosis de vitaminas y minerales a su niño(a)?,factor,,,1;2;3;4;6;96,,
chispitas_notodo_razon_o,Chispitas_notodo_razon_o,nino,c. Salud en la niñez,"¿Por qué no dio el total de dosis de vitaminas y minerales a su niño(a)?, otra razón",factor,,,"ELLA NO SABE NO ES LA M ADRE, LA MADRE FALLECIO;NO LE DA DE COMER;POR DESCONFIANZA;POR ENFERMEDAD Y CONSEJO MÉDICO LE DIERON OTRO MEDICAMENTO PARA LA ANEMIA Y NO SE LAS DIO;POR QUE LE DIO LA OTRA A MITAD A SU OTRA HIJA;POR QUE SE LE OLVIDO AMLA EMPLEADA;PORQUE EL PEDIATRA LE RESETABA OTRAS VITAMINAS;porque no le gusta daselos;SÓLO SE LAS DA CUANDO LE DA COMIDAS ESPESAS;TODAVIA LAS ESTA TOMANDO",,
chispitas_queimpide_a,Chispitas_queimpide_A,nino,c. Salud en la niñez,Algo que no le gusta del uso de las chispitas y qué impide que usted se la dé a su niño o que hace que a su niño(a) no le guste: olor o sabor (a ella),binary,,,No;Yes,,
chispitas_queimpide_b,Chispitas_queimpide_B,nino,c. Salud en la niñez,Algo que no le gusta del uso de las chispitas y qué impide que usted se la dé a su niño o que hace que a su niño(a) no le guste: olor o sabor (al niño),binary,,,No;Yes,,
chispitas_queimpide_c,Chispitas_queimpide_C,nino,c. Salud en la niñez,Algo que no le gusta del uso de las chispitas y qué impide que usted se la dé a su niño o que hace que a su niño(a) no le guste: cambio de color (a ella),binary,,,No;Yes,,
chispitas_queimpide_d,Chispitas_queimpide_D,nino,c. Salud en la niñez,Algo que no le gusta del uso de las chispitas y qué impide que usted se la dé a su niño o que hace que a su niño(a) no le guste: cambio de color (al niño),binary,,,No;Yes,,
chispitas_queimpide_e,Chispitas_queimpide_E,nino,c. Salud en la niñez,Algo que no le gusta del uso de las chispitas y qué impide que usted se la dé a su niño o que hace que a su niño(a) no le guste: le preocupan efectos secundarios,binary,,,No;Yes,,
chispitas_queimpide_f,Chispitas_queimpide_F,nino,c. Salud en la niñez,Algo que no le gusta del uso de las chispitas y qué impide que usted se la dé a su niño o que hace que a su niño(a) no le guste: quita mucho tiempo,binary,,,No;Yes,,
chispitas_queimpide_g,Chispitas_queimpide_G,nino,c. Salud en la niñez,Algo que no le gusta del uso de las chispitas y qué impide que usted se la dé a su niño o que hace que a su niño(a) no le guste: difícil preparar,binary,,,No;Yes,,
chispitas_queimpide_x,Chispitas_queimpide_X,nino,c. Salud en la niñez,Algo que no le gusta del uso de las chispitas y qué impide que usted se la dé a su niño o que hace que a su niño(a) no le guste: otro,binary,,,No;Yes,,
chispitas_queimpide_o,Chispitas_queimpide_o,nino,c. Salud en la niñez,"Algo que no le gusta del uso de las chispitas y qué impide que usted se la dé a su niño o que hace que a su niño(a) no le guste, otro especificado",factor,,,ABASE LOS DABA PERO NIÑA LO RE;ALNIÑONOLEGUSTAN;LAS SABA PERO LA NIÑA NO QUER;NADA;NADA INDIFERENTE;NO ES LA MADRE NO SABE;NO ESTABA BIEN;NO HAY NADA QUE IMPIDA DARLE;NO LE DA DE COMER;SE LE OLVIDA DARCELO;SÓLO EN COMIDAS ESPESAS,,
chispitas_ninguna_razon,Chispitas_ninguna_razon,nino,c. Salud en la niñez,Razones porque no le dio ninguna de las dosis de vitaminas a su niño(a),factor,,,1;2;3;4;5;96,,
chispitas_ninguna_razon_o,Chispitas_ninguna_razon_o,nino,c. Salud en la niñez,"Razones porque no le dio ninguna de las dosis de vitaminas a su niño(a), otro especificado",factor,,,LE LOS DEL PEDIATRA;NIÑO NO COME AUN;NIÑOESPECIALNOCOMESOLIDO;NO COME;NO LO NESECITA;TODAVIA NO COME,,
chispitas_tiempo,Chispitas_tiempo,nino,c. Salud en la niñez,"Hace cuanto tiempo que le dio al niño un sobre de vitaminas y minerales espolvoreados o ""Chispitas""",binary,,,0-3 meses;7+ meses,,
chispitas_cantidad,Chispitas_cantidad,nino,c. Salud en la niñez,"Ayer, cuantos sobres de vitaminas y minerales espolvoreados o ""Chispitas"" le dio al niño",factor,,,0;1;2;3;60,,
chispitas_cantidad_ns,Chispitas_cantidad_NS,nino,c. Salud en la niñez,"No sabe cuantos sobres de vitaminas y minerales espolvoreados o ""Chispitas"" le dio al niño ayer",binary,,,No;Yes,,
chispitas_mezcla_a,Chispitas_mezcla_A,nino,c. Salud en la niñez,"¿En qué alimento o líquido mezcla las chispitas? Ninguno, le doy directamente del sobre",binary,,,No;Yes,,
chispitas_mezcla_b,Chispitas_mezcla_B,nino,c. Salud en la niñez,¿En qué alimento o líquido mezcla las chispitas? Comidas suaves,binary,,,No;Yes,,
chispitas_mezcla_c,Chispitas_mezcla_C,nino,c. Salud en la niñez,¿En qué alimento o líquido mezcla las chispitas? Caldos o sopas,binary,,,No;Yes,,
chispitas_mezcla_d,Chispitas_mezcla_D,nino,c. Salud en la niñez,¿En qué alimento o líquido mezcla las chispitas? Productos lácteos,binary,,,No;Yes,,
chispitas_mezcla_e,Chispitas_mezcla_E,nino,c. Salud en la niñez,¿En qué alimento o líquido mezcla las chispitas? Atoles,binary,,,No;Yes,,
chispitas_mezcla_f,Chispitas_mezcla_F,nino,c. Salud en la niñez,¿En qué alimento o líquido mezcla las chispitas? Enpacha de fórmula/ leche materna,binary,,,No;Yes,,
chispitas_mezcla_g,Chispitas_mezcla_G,nino,c. Salud en la niñez,¿En qué alimento o líquido mezcla las chispitas? Agua,binary,,,No;Yes,,
chispitas_mezcla_h,Chispitas_mezcla_H,nino,c. Salud en la niñez,¿En qué alimento o líquido mezcla las chispitas? Jugo,binary,,,No;Yes,,
chispitas_mezcla_i,Chispitas_mezcla_I,nino,c. Salud en la niñez,¿En qué alimento o líquido mezcla las chispitas? Otro,binary,,,No;Yes,,
chispitas_mezcla_otro,Chispitas_mezcla_otro,nino,c. Salud en la niñez,"Otro alimento con que mezcla las chispitas para darle al niño, especificado",text,,,,,
acidofolico_vez,AcidoFolico_vez,nino,c. Salud en la niñez,Alguna vez obtuvo tabletas de ácido fólico para darle al niño,factor,,,1;2;98,,
acidofolico_3mes,AcidoFolico_3mes,nino,c. Salud en la niñez,En los últimos 3 meses obtuvo tabletas de ácido fólico para darle al niño,factor,,,1;2;98,,
acidofolico_donde,AcidoFolico_donde,nino,c. Salud en la niñez,Donde obtuvo tabletas de ácido fólico para darle al niño,factor,,,1;2;3;6;96,,
acidofolico_tiempo,AcidoFolico_tiempo,nino,c. Salud en la niñez,Hace cuanto tiempo que le dio al niño una tableta de ácido fólico,binary,,,0-3 meses;7+ meses,,
hierro_vez,Hierro_vez,nino,c. Salud en la niñez,Alguna vez obtuvo pastillas o jarabe de hierro para darle al niño,factor,,,1;2;3;98,,
hierro_3mes,Hierro_3mes,nino,c. Salud en la niñez,En los últimos 3 meses obtuvo pastillas o jarabe de hierro para darle al niño,factor,,,1;2;98,,
hierro_donde,Hierro_donde,nino,c. Salud en la niñez,Donde obtuvo pastillas o jarabe de hierro para darle al niño,factor,,,1;2;3;4;5;6;96,,
hierro_tiempo,Hierro_tiempo,nino,c. Salud en la niñez,Hace cuanto tiempo que le dio al niño una pastilla o jarabe de hierro,binary,,,0-3 meses;7+ meses,,
antiparasito_6meses,Antiparasito_6meses,nino,c. Salud en la niñez,(Sólo mayores de 24 meses) En los últimos 6 meses le han dado al niño medicina para los parásitos,factor,,,1;2;98,,
dieron_suplementos_filtro,Dieron_Suplementos_filtro,nino,c. Salud en la niñez,Le dieron al niño algun suplemento en las 8 días previas (filtro para la encuesta),binary,,,1;2,,
chispitas_sobre,Chispitas_sobre,nino,c. Salud en la niñez,Enseñó un sobre de chispitas,binary,,,No;Yes,,
acidofolico_frasco,AcidoFolico_frasco,nino,c. Salud en la niñez,Enseñó un frasco de ácido fólico,binary,,,No;Yes,,
sulfatoferroso_frasco,SulfatoFerroso_frasco,nino,c. Salud en la niñez,Enseñó un frasco de sulfato ferroso,binary,,,No;Yes,,
otrosuplemento_frasco,OtroSuplemento_frasco,nino,c. Salud en la niñez,Enseñó un frasco de otro suplemento,binary,,,No;Yes,,
otrosupplemento_frasco_esp,OtroSupplemento_frasco_esp,nino,c. Salud en la niñez,"Enseñó un frasco de otro suplemento, especificado",factor,,,"desparacitante;vitamina a, d ,c;zinc;ZINC",,
noenseno_frasco,Noenseno_frasco,nino,c. Salud en la niñez,No Enseñó un frasco or sobre de ningún suplemento,binary,,,No;Yes,,
diarrea_sabe_vacuna,diarrea_sabe_vacuna,nino,c. Salud en la niñez,Sabe que hay una vacuna para prevenir la diarrea,factor,,,1;2;98,,
diarrea_tenido_2semanas,diarrea_tenido_2semanas,nino,c. Salud en la niñez,El niño ha tenido diarrea o asientos en las últimas dos semanas,factor,,,1;2;98,,
diarrea_sangre_2semanas,diarrea_sangre_2semanas,nino,c. Salud en la niñez,"Entre los que hay tenido diarrea en las últimas dos semanas, la diarrea tenía sangre",binary,,,1;2,,
diarrea_tomar_liquidos,diarrea_tomar_liquidos,nino,c. Salud en la niñez,"Cuando tuvo asientos o diarrea, la cantidad de líquidos que le dio al niño",factor,,,1;2;3;4,,
diarrea_cantidad_comida,diarrea_cantidad_comida,nino,c. Salud en la niñez,"Cuando tuvo asientos o diarrea, la cantidad de comida que le dio al niño",factor,,,1;2;3;4,,
diarrea_bebia_sed,diarrea_bebia_sed,nino,c. Salud en la niñez,"En los días que tuvo diarrea, el niño: Bebía agua u otros líquidos con mucha sed",binary,,,1;2,,
diarrea_desganado_beber,diarrea_desganado_beber,nino,c. Salud en la niñez,"En los días que tuvo diarrea, el niño: Estuvo desganado para mamar, beber agua y otros líquidos",binary,,,1;2,,
diarrea_ojos_hundidos,diarrea_ojos_hundidos,nino,c. Salud en la niñez,"En los días que tuvo diarrea, el niño: Tenía los ojos hundidos",factor,,,1;2;98,,
diarrea_orinada_poco,diarrea_orinada_poco,nino,c. Salud en la niñez,"En los días que tuvo diarrea, el niño: Orinaba poco o lloraba sin lágrimas",factor,,,1;2;98,,
diarrea_consulto,diarrea_consulto,nino,c. Salud en la niñez,Consultó con alguien o en algún lugar por la diarrea del niño,binary,,,1;2,,
diarrea_consulto_donde,diarrea_consulto_donde,nino,c. Salud en la niñez,Donde Consultó con alguien o en algún lugar por la diarrea del niño,factor,,,1;2;3;4;5;6;96,,
diarrea_consulto_donde_otro,diarrea_consulto_donde_otro,nino,c. Salud en la niñez,"Donde Consultó con alguien o en algún lugar por la diarrea del niño, otro especificado",factor,,,CURANDERA;ENFERMARA;HERMANA ENFERMERA;PROMOTOR DE SALUD;SU SUEGRA;SUEGRA,,
diarrea_tratamiento,diarrea_tratamiento,nino,c. Salud en la niñez,Hizo algo o le dio algo al niño para aliviar la diarrea,binary,,,1;2,,
diarrea_tratamiento_purgantes,diarrea_tratamiento_purgantes,nino,c. Salud en la niñez,"Para tratar la diarrea, le dio purgantes",factor,,,1;2;3,,
diarrea_tratamiento_suerocasero,diarrea_tratamiento_suerocasero,nino,c. Salud en la niñez,"Para tratar la diarrea, le dio suero casero",factor,,,1;2;3;98,,
diarrea_tratamiento_sales,diarrea_tratamiento_sales,nino,c. Salud en la niñez,"Para tratar la diarrea, le dio sales de rehidratación o suero oral",factor,,,1;2;3,,
diarrea_tratamiento_suerovenas,diarrea_tratamiento_suerovenas,nino,c. Salud en la niñez,"Para tratar la diarrea, le pusieron suero en las venas",binary,,,3,,
diarrea_tratamiento_antibioticos,diarrea_tratamiento_antibioticos,nino,c. Salud en la niñez,"Para tratar la diarrea, le dio antibióticos",factor,,,1;2;3;98,,
diarrea_tratamiento_antidiarr,diarrea_tratamiento_antidiarr,nino,c. Salud en la niñez,"Para tratar la diarrea, le dio antidiarreicos",factor,,,1;2;3,,
diarrea_tratamiento_zinc,diarrea_tratamiento_zinc,nino,c. Salud en la niñez,"Para tratar la diarrea, le dio zinc",factor,,,1;2;3;98,,
diarrea_tratamiento_remedios,diarrea_tratamiento_remedios,nino,c. Salud en la niñez,"Para tratar la diarrea, le dio remedios caseros",factor,,,1;2;3,,
diarrea_tratamiento_remedios_esp,diarrea_tratamiento_remedios_esp,nino,c. Salud en la niñez,"Para tratar la diarrea, le dio remedios caseros, especificados",text,,,,,
diarrea_tratamiento_hospital,diarrea_tratamiento_hospital,nino,c. Salud en la niñez,"Para tratar la diarrea, le hospitalizaron",binary,,,1;2,,
diarrea_notratamiento_razon,diarrea_notratamiento_razon,nino,c. Salud en la niñez,Porque no hizo nada para aliviar la diarrea del niño,factor,,,1;2;5;6;7;96,,
diarrea_notratamiento_razon_otro,diarrea_notratamiento_razon_otro,nino,c. Salud en la niñez,Otra razón por no hacer nada para aliviar la diarrea del niño,binary,,,INTOLERANTE A LA LACTOSA;POR EDAD,,
neumonia_sabe_vacuna,neumonia_sabe_vacuna,nino,c. Salud en la niñez,Sabe que hay una vacuna para prevenir la neumonia,factor,,,1;2;98,,
tos_tenido_2semanas,tos_tenido_2semanas,nino,c. Salud en la niñez,El niño ha tenido tos en las últimas dos semanas,binary,,,1;2,,
tos_desganado_beber,tos_desganado_beber,nino,c. Salud en la niñez,"En los días que tuvo tos, el niño: estaba desganado para mamar, beber agua u otros líquidos",binary,,,1;2,,
tos_ruido_respirar,tos_ruido_respirar,nino,c. Salud en la niñez,"En los días que tuvo tos, el niño: hacia ruido al respirar, le silbaba o le roncaba el pecho",binary,,,1;2,,
tos_hundia_pecho,tos_hundia_pecho,nino,c. Salud en la niñez,"En los días que tuvo tos, el niño: se le hundía el pecho",factor,,,1;2;98,,
tos_respiraba_rapido,tos_respiraba_rapido,nino,c. Salud en la niñez,"En los días que tuvo tos, el niño: respiraba más rápido que de costumbre con respiraciones cortas y rápidas",binary,,,1;2,,
tos_dificultad_respirar,tos_dificultad_respirar,nino,c. Salud en la niñez,"En los días que tuvo tos, el niño: tenía dificultad para respirar",binary,,,1;2,,
tos_consulto,tos_consulto,nino,c. Salud en la niñez,Consultó con alguien o en algún lugar por la tos del niño,binary,,,1;2,,
tos_consulto_donde,tos_consulto_donde,nino,c. Salud en la niñez,Donde Consultó con alguien o en algún lugar por la tos del niño,factor,,,1;2;3;4;5;6;7;96,,
tos_tratamiento,tos_tratamiento,nino,c. Salud en la niñez,Hizo algo o le dio algo al niño para aliviar la tos,binary,,,1;2,,
tos_tratamiento_descongest,tos_tratamiento_descongest,nino,c. Salud en la niñez,"Para tratar la tos, le dio descongestionante o algo para calmar la tos",factor,,,1;2;3,,
tos_tratamiento_bajarfiebre,tos_tratamiento_bajarfiebre,nino,c. Salud en la niñez,"Para tratar la tos, le dio algo para bajar la fiebre",factor,,,1;2;3,,
tos_tratamiento_antibioticos,tos_tratamiento_antibioticos,nino,c. Salud en la niñez,"Para tratar la tos, le dio antibióticos",factor,,,1;2;3,,
tos_tratamiento_zinc,tos_tratamiento_zinc,nino,c. Salud en la niñez,"Para tratar la tos, le dio zinc",factor,,,1;2;3,,
tos_tratamiento_remedios,tos_tratamiento_remedios,nino,c. Salud en la niñez,"Para tratar la tos, le dio remedios caseros",factor,,,2;3;98,,
tos_tratamiento_hospital,tos_tratamiento_hospital,nino,c. Salud en la niñez,"Para tratar la tos, le hospitalizaron",binary,,,1;2,,
tos_notratamiento_razon,tos_notratamiento_razon,nino,c. Salud en la niñez,Porque no hizo nada para aliviar la tos del niño,factor,,,1;2;3;4;7;9,,
tos_notratamiento_razon_otro,tos_notratamiento_razon_otro,nino,c. Salud en la niñez,Otra razón por no hacer nada para aliviar la tos del niño,text,,,,,
fiebre_tenido_2semanas,fiebre_tenido_2semanas,nino,c. Salud en la niñez,El niño ha tenido fiebre en las últimas 2 semanas,binary,,,1;2,,
di_libros,DI_libros,nino,c. Salud en la niñez,Número de libros de niños o libros con dibujos que tiene,numeric_continuous,0,18,,,bounds inferred from observed range with buffer; requires review
di_juega_juguetes_cas,DI_juega_juguetes_cas,nino,c. Salud en la niñez,"El niño juega con juguetes caseros tales como muñecas, carritos u otros juguetes hechos en casa",factor,,,1;2;99,,
di_juega_juguetes_fab,DI_juega_juguetes_fab,nino,c. Salud en la niñez,El niño juega con juguetes de una tienda o fabricados,factor,,,1;2;99,,
di_juega_objetos_hogar,DI_juega_objetos_hogar,nino,c. Salud en la niñez,"El niño juega con objetos del hogar como tazones u ollas, u objetos que se encuentran en el exterior del hogar, como palos, piedras, conchas de animales u hojas",factor,,,1;2;99,,
di_3m_voltea_sigue,DI_3m_voltea_sigue,nino,c. Salud en la niñez,Hace lo siguiente su hijo menor de tres meses: Su niño(a) voltea o sigue colores fuertes o sonidos?,binary,,,1;2,,
di_3m_juega_sonreir,DI_3m_juega_sonreir,nino,c. Salud en la niñez,Hace lo siguiente su hijo menor de tres meses: Usted juega con su niño(a) para hacerlo sonreír?,binary,,,1;2,,
di_3m_llora_atiende,DI_3m_llora_atiende,nino,c. Salud en la niñez,"Hace lo siguiente su hijo menor de tres meses: cuando escucha que su niño(a) llora, lo atiende pronto",binary,,,1;2,,
di_3m_llora_abraza,DI_3m_llora_abraza,nino,c. Salud en la niñez,"Hace lo siguiente su hijo menor de tres meses: cuando escucha que su niño(a) llora, lo abraza",binary,,,1;2,,
di_3m_llora_mece,DI_3m_llora_mece,nino,c. Salud en la niñez,"Hace lo siguiente su hijo menor de tres meses: cuando escucha que su niño(a) llora, lo mece",binary,,,1;2,,
di_3m_llora_deja,DI_3m_llora_deja,nino,c. Salud en la niñez,"Hace lo siguiente su hijo menor de tres meses: cuando escucha que su niño(a) llora, lo deja llorar",binary,,,1;2,,
di_3m6m_aplauso,DI_3m6m_aplauso,nino,c. Salud en la niñez,Hace lo siguiente su hijo de tres a seis meses: Imita su niño(a) movimientos de aplauso?,binary,,,1;2,,
di_3m6m_repite,DI_3m6m_repite,nino,c. Salud en la niñez,"Hace lo siguiente su hijo de tres a seis meses: Repite sonidos (responde) si usted platica con él(ella)? (da, ka, ga, etc.)",binary,,,1;2,,
di_3m6m_hablar_cargar,DI_3m6m_hablar_cargar,nino,c. Salud en la niñez,Hace lo siguiente su hijo de tres a seis meses: Permite a su niño(a) que le hablen y que lo carguen otras personas sin llorar?,binary,,,1;2,,
di_6m9m_sienta,DI_6m9m_sienta,nino,c. Salud en la niñez,Hace lo siguiente su hijo de seis a nueve meses: Se sienta? (con o sin apoyo),binary,,,1;2,,
di_6m9m_carga_atras,DI_6m9m_carga_atras,nino,c. Salud en la niñez,Hace lo siguiente su hijo de seis a nueve meses: Cómo carga a su bebé la mayor parte del tiempo? Atrás,binary,,,1;2,,
di_6m9m_carga_adelante,DI_6m9m_carga_adelante,nino,c. Salud en la niñez,Hace lo siguiente su hijo de seis a nueve meses: Cómo carga a su bebé la mayor parte del tiempo? Adelante,binary,,,1;2,,
di_6m9m_canta_baila,DI_6m9m_canta_baila,nino,c. Salud en la niñez,"Hace lo siguiente su hijo de seis a nueve meses: Le canta usted canciones a su bebé, o baila con su bebé?",binary,,,1;2,,
di_9m12m_para,DI_9m12m_para,nino,c. Salud en la niñez,"Hace lo siguiente su hijo de nueve a doce meses: Gatea, se arrastra o se para con ayuda?",binary,,,1;2,,
di_9m12m_saluda,DI_9m12m_saluda,nino,c. Salud en la niñez,Hace lo siguiente su hijo de nueve a doce meses: Dice o hace gesto con la mano de hola y/o adiós para relacionarse con otros?,binary,,,1;2,,
di_9m12m_agarracomida,DI_9m12m_agarracomida,nino,c. Salud en la niñez,Hace lo siguiente su hijo de nueve a doce meses: Agarra la comida con los dedos?,binary,,,1;2,,
di_12m18m_camina,DI_12m18m_camina,nino,c. Salud en la niñez,Hace lo siguiente su hijo de 12 a 18 meses: Su niño(a) camina solo(a) o con ayuda?,binary,,,1;2,,
di_12m18m_repite,DI_12m18m_repite,nino,c. Salud en la niñez,"Hace lo siguiente su hijo de 12 a 18 meses: Repite palabra o nombres de personas, animales o cosas?",binary,,,1;2,,
di_18m24m_corre_tira,DI_18m24m_corre_tira,nino,c. Salud en la niñez,"Hace lo siguiente su hijo de 18 a 24 meses: Su niño(a) corre, o juega pelota o tira y atrapa cosas?",binary,,,1;2,,
di_18m24m_abraza,DI_18m24m_abraza,nino,c. Salud en la niñez,Hace lo siguiente su hijo de 18 a 24 meses: ¿Cómo le expresa usted cariño a su hijo(a)? lo abraza,binary,,,1,,
di_18m24m_juega,DI_18m24m_juega,nino,c. Salud en la niñez,Hace lo siguiente su hijo de 18 a 24 meses: ¿Cómo le expresa usted cariño a su hijo(a)? juega con él o ella,binary,,,1;2,,
di_18m24m_arrulla,DI_18m24m_arrulla,nino,c. Salud en la niñez,Hace lo siguiente su hijo de 18 a 24 meses: ¿Cómo le expresa usted cariño a su hijo(a)? lo arrulla,binary,,,1;2,,
di_18m24m_besa,DI_18m24m_besa,nino,c. Salud en la niñez,Hace lo siguiente su hijo de 18 a 24 meses: ¿Cómo le expresa usted cariño a su hijo(a)? lo besa,binary,,,1;2,,
di_18m24m_acaricia,DI_18m24m_acaricia,nino,c. Salud en la niñez,Hace lo siguiente su hijo de 18 a 24 meses: ¿Cómo le expresa usted cariño a su hijo(a)? lo acaricia,binary,,,1;2,,
di_18m24m_baila,DI_18m24m_baila,nino,c. Salud en la niñez,Hace lo siguiente su hijo de 18 a 24 meses: ¿Cómo le expresa usted cariño a su hijo(a)? baila con él o ella,binary,,,1;2,,
di_18m24m_canta,DI_18m24m_canta,nino,c. Salud en la niñez,Hace lo siguiente su hijo de 18 a 24 meses: ¿Cómo le expresa usted cariño a su hijo(a)? le canta a él o ella,binary,,,1;2,,
di_3dias_leer_madre,DI_3dias_leer_madre,nino,c. Salud en la niñez,"En los pasado 3 días, la madre leyó libros al niño o miró los dibujo en el libro con el niño",binary,,,No;Yes,,
di_3dias_leer_padre,DI_3dias_leer_padre,nino,c. Salud en la niñez,"En los pasado 3 días, el padre leyó libros al niño o miró los dibujo en el libro con el niño",binary,,,No;Yes,,
di_3dias_leer_nadie,DI_3dias_leer_nadie,nino,c. Salud en la niñez,"En los pasado 3 días, nadie leyó libros al niño o miró los dibujo en el libro con el niño",binary,,,No;Yes,,
di_3dias_leer_otro,DI_3dias_leer_otro,nino,c. Salud en la niñez,"En los pasado 3 días, otra persona >15 años leyó libros al niño o miró los dibujo en el libro con el niño",binary,,,No;Yes,,
di_3dias_cuentos_madre,DI_3dias_cuentos_madre,nino,c. Salud en la niñez,"En los pasado 3 días, la madre le contó cuentos al niño",binary,,,No;Yes,,
di_3dias_cuentos_padre,DI_3dias_cuentos_padre,nino,c. Salud en la niñez,"En los pasado 3 días, el padre le contó cuentos al niño",binary,,,No;Yes,,
di_3dias_cuentos_nadie,DI_3dias_cuentos_nadie,nino,c. Salud en la niñez,"En los pasado 3 días, nadie le contó cuentos al niño",binary,,,No;Yes,,
di_3dias_cuentos_otro,DI_3dias_cuentos_otro,nino,c. Salud en la niñez,"En los pasado 3 días, otra persona >15 años le contó cuentos al niño",binary,,,No;Yes,,
di_3dias_cantar_madre,DI_3dias_cantar_madre,nino,c. Salud en la niñez,"En los pasado 3 días, la madre le cantó canciones al niño",binary,,,No;Yes,,
di_3dias_cantar_padre,DI_3dias_cantar_padre,nino,c. Salud en la niñez,"En los pasado 3 días, el padre le cantó canciones al niño",binary,,,No;Yes,,
di_3dias_cantar_nadie,DI_3dias_cantar_nadie,nino,c. Salud en la niñez,"En los pasado 3 días, nadie le cantó canciones al niño",binary,,,No;Yes,,
di_3dias_cantar_otro,DI_3dias_cantar_otro,nino,c. Salud en la niñez,"En los pasado 3 días, otra persona >15 años le cantó canciones al niño",binary,,,No;Yes,,
di_3dias_pasear_madre,DI_3dias_pasear_madre,nino,c. Salud en la niñez,"En los pasado 3 días, la madre llevó al niño a pasear fuera de la casa",binary,,,No;Yes,,
di_3dias_pasear_padre,DI_3dias_pasear_padre,nino,c. Salud en la niñez,"En los pasado 3 días, el padre llevó al niño a pasear fuera de la casa",binary,,,No;Yes,,
di_3dias_pasear_nadie,DI_3dias_pasear_nadie,nino,c. Salud en la niñez,"En los pasado 3 días, nadie llevó al niño a pasear fuera de la casa",binary,,,No;Yes,,
di_3dias_pasear_otro,DI_3dias_pasear_otro,nino,c. Salud en la niñez,"En los pasado 3 días, otra persona >15 años llevó al niño a pasear fuera de la casa",binary,,,No;Yes,,
di_3dias_jugar_madre,DI_3dias_jugar_madre,nino,c. Salud en la niñez,"En los pasado 3 días, la madre jugó con el niño",binary,,,No;Yes,,
di_3dias_jugar_padre,DI_3dias_jugar_padre,nino,c. Salud en la niñez,"En los pasado 3 días, el padre jugó con el niño",binary,,,No;Yes,,
di_3dias_jugar_nadie,DI_3dias_jugar_nadie,nino,c. Salud en la niñez,"En los pasado 3 días, nadie jugó con el niño",binary,,,No;Yes,,
di_3dias_jugar_otro,DI_3dias_jugar_otro,nino,c. Salud en la niñez,"En los pasado 3 días, otra persona >15 años jugó con el niño",binary,,,No;Yes,,
di_3dias_nombrar_madre,DI_3dias_nombrar_madre,nino,c. Salud en la niñez,"En los pasado 3 días, la madre le nombr_x001D_ó, contó, o dibujó cosas al niño o con el niño",binary,,,No;Yes,,
di_3dias_nombrar_padre,DI_3dias_nombrar_padre,nino,c. Salud en la niñez,"En los pasado 3 días, el padre le nombr_x001D_ó, contó, o dibujó cosas al niño o con el niño",binary,,,No;Yes,,
di_3dias_nombrar_nadie,DI_3dias_nombrar_nadie,nino,c. Salud en la niñez,"En los pasado 3 días, nadie le nombr_x001D_ó, contó, o dibujó cosas al niño o con el niño",binary,,,No;Yes,,
di_3dias_nombrar_otro,DI_3dias_nombrar_otro,nino,c. Salud en la niñez,"En los pasado 3 días, otra persona >15 años le nombr_x001D_ó, contó, o dibujó cosas al niño o con el niño",binary,,,No;Yes,,
di_10letras,DI_10letras,nino,c. Salud en la niñez,El niño puede identificar o nombrar por lo menos diez letras de alfabeto,factor,,,1;2;98,,
di_4palabras,DI_4palabras,nino,c. Salud en la niñez,El niño puede leer al menos cuatro palabras sencillas y populares,binary,,,1;2,,
di_10numeros,DI_10numeros,nino,c. Salud en la niñez,El niño sabe el nombre y reconoce el símbolo de todos los números 1 a 10,factor,,,1;2;98,,
di_recoger_pequeno,DI_recoger_pequeno,nino,c. Salud en la niñez,"El niño puede recoger un objeto pequeño con los dedos, como un palo o una piedra del piso",factor,,,1;2;98,,
di_enferemo,DI_enferemo,nino,c. Salud en la niñez,El niño se siente a veces demasiado enfermo como para jugar,binary,,,1;2,,
di_seguir_instr,DI_seguir_instr,nino,c. Salud en la niñez,El niño puede seguir instrucciones sencillas sobre cómo hacer algo correctamente,binary,,,1;2,,
di_hacer_solo,DI_hacer_solo,nino,c. Salud en la niñez,El niño puede hacer lo que le dices por si solo,binary,,,1;2,,
di_lleva_bien,DI_lleva_bien,nino,c. Salud en la niñez,El niño se lleva bien con los otros niños,factor,,,1;2;98,,
di_golpea,DI_golpea,nino,c. Salud en la niñez,"El niño patea, muerde, o golpea a otros niños o adultos",binary,,,1;2,,
di_distraer,DI_distraer,nino,c. Salud en la niñez,El niño se distrae fácilmente,factor,,,1;2;98,,
dientes_limpia,dientes_limpia,nino,c. Salud en la niñez,Le limpia los dientes a su niño <5 años,factor,,,1;2;3,,
dientes_limpia_veces,dientes_limpia_veces,nino,c. Salud en la niñez,Número de veces al día se limpia o lava los dientes,factor,,,0;1;2;3;4;5;16,,
dientes_limpia_solo,dientes_limpia_solo,nino,c. Salud en la niñez,El niño se limpia los dientes solo,binary,,,No;Yes,,
dientes_limpia_ayuda,dientes_limpia_ayuda,nino,c. Salud en la niñez,El niño se limpia los dientes con ayuda,binary,,,No;Yes,,
dientes_cepillo,dientes_cepillo,nino,c. Salud en la niñez,Utiliza cepillo de dientes para lavar los dientes de su niños <5 años,binary,,,No;Yes,,
dientes_pasta,dientes_pasta,nino,c. Salud en la niñez,Utiliza pasta de dientes para lavar los dientes de su niños <5 años,binary,,,No;Yes,,
dientes_hilo,dientes_hilo,nino,c. Salud en la niñez,Utiliza hilo dental para lavar los dientes de su niños <5 años,binary,,,No;Yes,,
dientes_palillos,dientes_palillos,nino,c. Salud en la niñez,Utiliza palillos de dientes para lavar los dientes de su niños <5 años,binary,,,No,,
dientes_bicarb,dientes_bicarb,nino,c. Salud en la niñez,Utiliza bicarbonato de sodio para lavar los dientes de su niños <5 años,binary,,,No;Yes,,
dientes_otro,dientes_otro,nino,c. Salud en la niñez,Utiliza otra cosa para lavar los dientes de su niños <5 años,binary,,,No;Yes,,
dientes_otro_esp,dientes_otro_esp,nino,c. Salud en la niñez,"Utiliza otra cosa para lavar los dientes de su niños <5 años, especificado",factor,,,"AGUA;ALGODON;CON TOALLITAS HUMEDAS;CON UN TRAPITO CON AGUA;ENJUAGUE;ENJUAGUE BUCAL;ESPONJA;GASA;GASA, CADA DOS DIAS;LISTERINE;LOS LIMPIA CON UN TRAPO;PAÑITO;PAÑITO HUMEDO;PAÑITO o TRAPO;SOLO ENJAUGUE CON AGUA;TOHALLA Y AGUA;TRAPITO;TRAPO CON AGUA",,
dientes_consulta_an,dientes_consulta_an,nino,c. Salud en la niñez,"En el último año, el niño, ¿ha visitado a un dentista?",binary,,,1;2,,
dientes_consulta_hosp,dientes_consulta_hosp,nino,c. Salud en la niñez,"En el último año, el niño se fue al hospital para una consulta de dientes",binary,,,No;Yes,,
dientes_consulta_cs,dientes_consulta_CS,nino,c. Salud en la niñez,"En el último año, el niño se fue al centro de salud para una consulta de dientes",binary,,,No;Yes,,
dientes_consulta_lab,dientes_consulta_lab,nino,c. Salud en la niñez,"En el último año, el niño se fue al laboratorio para una consulta de dientes",binary,,,No;Yes,,
dientes_consulta_clin,dientes_consulta_clin,nino,c. Salud en la niñez,"En el último año, el niño se fue a una clínica privada para una consulta de dientes",binary,,,No;Yes,,
dientes_consulta_otro,dientes_consulta_otro,nino,c. Salud en la niñez,"En el último año, el niño se fue a un otro lugar para una consulta de dientes",binary,,,No;Yes,,
dientes_extraccion,dientes_extraccion,nino,c. Salud en la niñez,Tipo de tratamiento de dientes en el último año: Extracciones de dientes,binary,,,No;Yes,,
dientes_rellenos,dientes_rellenos,nino,c. Salud en la niñez,Tipo de tratamiento de dientes en el último año: Rellenos,binary,,,No;Yes,,
dientes_coronitas,dientes_coronitas,nino,c. Salud en la niñez,Tipo de tratamiento de dientes en el último año: Casquitos o coronitas,binary,,,No;Yes,,
dientes_limpieza,dientes_limpieza,nino,c. Salud en la niñez,Tipo de tratamiento de dientes en el último año: Limpieza,binary,,,No;Yes,,
dientes_salud_bucal,dientes_salud_bucal,nino,c. Salud en la niñez,"¿Cómo cree usted que está la salud de la boca, dientes y encías de su hijo/a? (01 Muy buena a 05 Muy mala)",factor,,,1;2;3;4;5;98,,
dientes_prob_hablar,dientes_prob_hablar,nino,c. Salud en la niñez,"¿Su hijo/a ha tenido dificultad para hablar a causa de problemas en los dientes, encías o casquitos?",factor,,,1;2;3;98,,
hijo_biologico,hijo_biologico,nino,d. Alimentación,niño es hijo biológico de la informante (filtro para la encuesta),binary,,,1;2,,
menor_36meses,menor_36meses,nino,d. Alimentación,niño es menor de 36 meses (filtro para la encuesta),binary,,,1;2,,
lact_mat_alguna_vez,lact_mat_alguna_vez,nino,d. Alimentación,Le dio de mamar alguna vez al niño,binary,,,1;2,,
tiempo_lact_horas,tiempo_lact_horas,nino,d. Alimentación,Horas después de nacido se lo puso al pecho,factor,,,A.Menos de 1 hora;B.1-2 horas;C.3-11 horas;D.12-23 horas;E.24 horas+,,
no_lact_madrenoqueria,no_lact_madrenoqueria,nino,d. Alimentación,Por qúe no le dio de mamar: Madre no quería,binary,,,No,,
no_lact_ninoenfermo,no_lact_ninoenfermo,nino,d. Alimentación,Por qúe no le dio de mamar: niño se enferm,binary,,,No,,
no_lact_noleche,no_lact_noleche,nino,d. Alimentación,Por qúe no le dio de mamar: No tenia leche,binary,,,No;Yes,,
no_lact_madreenfermo,no_lact_madreenfermo,nino,d. Alimentación,Por qúe no le dio de mamar: La madre se enfermó,binary,,,No;Yes,,
no_lact_invertido,no_lact_invertido,nino,d. Alimentación,Por qúe no le dio de mamar: Pezon invertido o lesiones,binary,,,No,,
no_lact_trabajo,no_lact_trabajo,nino,d. Alimentación,Por qúe no le dio de mamar: Debía trabajar,binary,,,No;Yes,,
no_lact_ninonoqueria,no_lact_ninonoqueria,nino,d. Alimentación,Por qúe no le dio de mamar: niño no quería,binary,,,No,,
no_lact_indicacion,no_lact_indicacion,nino,d. Alimentación,Por qúe no le dio de mamar: Por indicación del personal de salud,binary,,,No;Yes,,
no_lact_familia,no_lact_familia,nino,d. Alimentación,Por qúe no le dio de mamar: Influencia de la familia,binary,,,No,,
no_lact_antibioticos,no_lact_antibioticos,nino,d. Alimentación,Por qúe no le dio de mamar: La madre tomaba antibióticos,binary,,,No,,
no_lact_anticoncept,no_lact_anticoncept,nino,d. Alimentación,Por qúe no le dio de mamar: La madre tomaba anticonceptivos,binary,,,No,,
no_lact_embarazada,no_lact_embarazada,nino,d. Alimentación,Por qúe no le dio de mamar: La madre quedó embarazada,binary,,,No,,
no_lact_ninomordia,no_lact_ninomordia,nino,d. Alimentación,Por qúe no le dio de mamar: El niño la mordía,binary,,,No,,
no_lact_otro,no_lact_otro,nino,d. Alimentación,Por qúe no le dio de mamar: Otra razón,binary,,,No;Yes,,
no_lact_nosabe,no_lact_nosabe,nino,d. Alimentación,Por qúe no le dio de mamar: No sabe o no responde,binary,,,No,,
no_lact_otro_esp,no_lact_otro_esp,nino,d. Alimentación,Por qúe no le dio de mamar: Otra especifique,factor,,,EL BB NAVÍO PREMATURO;LABIO LEPORINO;MEDICAMENTOS DEPRESIVOS;NACIO CON LABIO LOPORINO;NIÑO LABIO LEPORINO;NIÑO PREMATURO,,
lact_mat_contin,lact_mat_contin,nino,d. Alimentación,Ayer le dio de mamar o el niño tomó leche materna,binary,,,01-Si;02-No,,
leche_mat_pecho_ayer,leche_mat_Pecho_ayer,nino,d. Alimentación,Ayer le dio de mamar (madre),factor,,,1;2;3,,
leche_mat_taza_otramujer_ayer,leche_mat_taza_otramujer_ayer,nino,d. Alimentación,"Ayer el niño tomó leche materna de cucharita, en taza or pacha or le dio de mamar otra mujer",factor,,,1;2;98,,
edad_dejar_pecho,edad_dejar_pecho,nino,d. Alimentación,Edad en meses cuando dejó de darle pecho,numeric_integer,0,60,,months,
menor_24meses,menor_24meses,nino,d. Alimentación,niño es menor de 24 meses: filtro,binary,,,1;2,,
lact_mat_excl,lact_mat_excl,nino,d. Alimentación,"Lactancia materna exclusiva, actualmente",binary,,,01-Si;02-No,,
liq_agua,Liq_agua,nino,d. Alimentación,"Líquidos que le dio al niño ayer: Agua sola, pura agua",binary,,,1;2,,
liq_formula,Liq_formula,nino,d. Alimentación,Líquidos que le dio al niño ayer: Fórmula o leche de bote,binary,,,1;2,,
liq_formula_veces,Liq_formula_veces,nino,d. Alimentación,Líquidos que le dio al niño ayer: número de veces que le dio fórmula o leche de bote,factor,,,1;2;3;4;5;6;7;8;10,,
liq_leche,Liq_leche,nino,d. Alimentación,Líquidos que le dio al niño ayer: Leche de vaca o cabra,binary,,,1;2,,
liq_leche_veces,Liq_leche_veces,nino,d. Alimentación,Líquidos que le dio al niño ayer: número de veces que le dio leche de vaca or cabra,factor,,,1;2;3,,
liq_jugos,Liq_jugos,nino,d. Alimentación,Líquidos que le dio al niño ayer: Jugos (naturales o enlatados),binary,,,1;2,,
liq_caldo,Liq_caldo,nino,d. Alimentación,"Líquidos que le dio al niño ayer: Caldo (de frijol, de verduras, etc) o consumé",binary,,,1;2,,
liq_aguitastea,Liq_aguitastea,nino,d. Alimentación,"Líquidos que le dio al niño ayer: Agüitas o té (de manzanilla, arroz, canela, cebada, etc.)",binary,,,1;2,,
liq_atoles,Liq_atoles,nino,d. Alimentación,Líquidos que le dio al niño ayer: Atoles ralos o Incaparina rala,binary,,,1;2,,
liq_cafe,Liq_cafe,nino,d. Alimentación,Líquidos que le dio al niño ayer: Café,binary,,,1;2,,
liq_otro,Liq_otro,nino,d. Alimentación,Líquidos que le dio al niño ayer: Otros líquidos,text,,,,,
liq_otro_especifique,Liq_otro_especifique,nino,d. Alimentación,"Líquidos que le dio al niño ayer: Otros líquidos, especificado",binary,,,1;2,,
edad_iniciar_alimentos,Edad_iniciar_alimentos,nino,d. Alimentación,Edad en meses cuando le inició a dar alimentos que no son líquidos (98=Todavía no come),numeric_integer,0,36,,months,
alim_grano,Alim_grano,nino,d. Alimentación,"Alimentos que le dio al niño ayer: Cereales, pan, tortilla, arroz, pasta u otra comida hecha de granos",binary,,,1;2,,
alim_verdura_amarilla,Alim_verdura_amarilla,nino,d. Alimentación,"Alimentos que le dio al niño ayer: Güicoy sazón, ayote, zanahoria, camote u otra verdura amarilla/anaranjada",binary,,,1;2,,
alim_tuberculo,Alim_tuberculo,nino,d. Alimentación,"Alimentos que le dio al niño ayer: Papas blancas, yuca, malanga, ichintal u otra verdura que sea raíz",binary,,,1;2,,
alim_verdeoscuro,Alim_verdeoscuro,nino,d. Alimentación,"Alimentos que le dio al niño ayer: Hojas/hierbas color verde oscuro como macuy, bledo, espinacas, o acelga",binary,,,1;2,,
alim_fruta_anaranjada,Alim_fruta_anaranjada,nino,d. Alimentación,"Alimentos que le dio al niño ayer: Mango maduro, papaya o mamey",binary,,,1;2,,
alim_otra_fv,Alim_otra_fv,nino,d. Alimentación,Alimentos que le dio al niño ayer: Alguna otra verdura o fruta,binary,,,1;2,,
alim_carne,Alim_carne,nino,d. Alimentación,"Alimentos que le dio al niño ayer: Cualquier carne como res, cerdo, pollo, cordero, cabra, carnes de monte o pato",binary,,,1;2,,
alim_huevo,Alim_huevo,nino,d. Alimentación,Alimentos que le dio al niño ayer: Huevos,binary,,,1;2,,
alim_pescado,Alim_pescado,nino,d. Alimentación,"Alimentos que le dio al niño ayer: Pescado fresco o seco, mariscos o conchas",binary,,,1;2,,
alim_leguminosa_nuez,Alim_leguminosa_nuez,nino,d. Alimentación,"Alimentos que le dio al niño ayer: Frijoles, arvejas, habas, lentejas, nueces o semillas",binary,,,1;2,,
alim_prod_lacteo,Alim_prod_lacteo,nino,d. Alimentación,"Alimentos que le dio al niño ayer: Queso, crema, yogurt u otro producto derivado de la leche",binary,,,1;2,,
alim_prod_lacteo_veces,Alim_prod_lacteo_veces,nino,d. Alimentación,"Alimentos que le dio al niño ayer, número de veces: Queso, crema, yogurt u otro producto derivado de la leche",factor,,,1;2;3;4;7,,
alim_aceite,Alim_aceite,nino,d. Alimentación,"Alimentos que le dio al niño ayer: Comidas hechas con aceite, manteca, mantequilla o mayonesa",binary,,,1;2,,
alim_dulce,Alim_dulce,nino,d. Alimentación,"Alimentos que le dio al niño ayer: Comidas dulces como chocolate, dulces, pastel o galletas",binary,,,1;2,,
alim_condimentos,Alim_condimentos,nino,d. Alimentación,"Alimentos que le dio al niño ayer: Condimentos: chiles, especies, hierbas, kétchup, mostaza o pasta de tomate",binary,,,1;2,,
alim_insectos,Alim_insectos,nino,d. Alimentación,"Alimentos que le dio al niño ayer: Larvas, insectos o caracoles",binary,,,2,,
alim_aceite_palma,Alim_aceite_palma,nino,d. Alimentación,Alimentos que le dio al niño ayer: Comidas hechas con aceite de palma,binary,,,1;2,,
veces_comio_ayer,Veces_comio_ayer,nino,d. Alimentación,"Ayer, cuántas veces comió comida que no fueran líquidos (98=No sabe)",factor,,,0;1;2;3;4;5;6;7;8,,
pacha_ayer,Pacha_ayer,nino,d. Alimentación,"Ayer, tomó algún líquido en pacha",binary,,,1;2,,
charla_lact_mat_vez,Charla_lact_mat_vez,nino,d. Alimentación,"Alguna vez la madre recibió plática o charla sobre lactancia materna (96=Informante no es la madre, 98=No Sabe)",factor,,,1;2;96;98,,
charla_lact_mat_cuando,Charla_lact_mat_cuando,nino,d. Alimentación,"(Las que recibieron una charla sobre lactancia materna) Cuando la recibió, antes o después del parto (01-Antes, 02-Antes y después, 03-después, 98-No recuerda)",factor,,,1;2;3;98,,
charla_lact_mat_medico,Charla_lact_mat_medico,nino,d. Alimentación,Quien le dieron la charla sobre lactancia materna: Médico,binary,,,No;Yes,,
charla_lact_mat_enfermera,Charla_lact_mat_enfermera,nino,d. Alimentación,Quien le dieron la charla sobre lactancia materna: Enfermero(a),binary,,,No;Yes,,
charla_lact_mat_nutricionista,Charla_lact_mat_nutricionista,nino,d. Alimentación,Quien le dieron la charla sobre lactancia materna: Nutricionista,binary,,,No;Yes,,
charla_lact_mat_vigilante,Charla_lact_mat_vigilante,nino,d. Alimentación,Quien le dieron la charla sobre lactancia materna: Vigilante de salud,binary,,,No;Yes,,
charla_lact_mat_promotor,Charla_lact_mat_promotor,nino,d. Alimentación,Quien le dieron la charla sobre lactancia materna: Promotor(a) de salud,binary,,,No;Yes,,
charla_lact_mat_comadrona,Charla_lact_mat_comadrona,nino,d. Alimentación,Quien le dieron la charla sobre lactancia materna: Comadrona,binary,,,No;Yes,,
charla_lact_mat_madrelider,Charla_lact_mat_madrelider,nino,d. Alimentación,Quien le dieron la charla sobre lactancia materna: Madre líder o consejero(a),binary,,,No;Yes,,
charla_lact_mat_video,Charla_lact_mat_video,nino,d. Alimentación,Quien le dieron la charla sobre lactancia materna: Video,binary,,,No;Yes,,
charla_lact_mat_otro,Charla_lact_mat_otro,nino,d. Alimentación,Quien le dieron la charla sobre lactancia materna: Otro,binary,,,No;Yes,,
charla_lact_mat_otroespec,Charla_lact_mat_otroespec,nino,d. Alimentación,"Quien le dieron la charla sobre lactancia materna: Otro, especificado",factor,,,"C8MADRONA;COMADRONA CAT;CUÑADA;DUPRACTICANTE EN EL CENTRO DE;FAMILIAR;GINECOLOGA, TRABAJADORA SOCIAL;LA MAMA;MAMA;MAMÁ;NUTRICIONISTA;PRACTICANTES DE ENFERMERÍA;SOILOFATOR NPRACTICANTES LE DA;SUEGRA;TRABAJADORA SOCIAL;TRABAJADORA SOCIAL IGSS;TRABAJO SOCIAL;VISITARON EN CASA DE INTECAP",,
charla_alim_edad,Charla_alim_edad,nino,d. Alimentación,"¿Alguna vez recibió la madre plática o charla sobre la edad de empezar a dar comidas suaves, semi-sólidas y solidas?",factor,,,1;2;96;98,,
charla_alim_como,Charla_alim_como,nino,d. Alimentación,"¿Alguna vez recibió la madre plática o charla sobre cómo empezar a dar comidas suaves, semi-sólidas y solidas y los tipos de comidas que debe ofrecer?",factor,,,1;2;96;98,,
charla_alim_tiempo,Charla_alim_tiempo,nino,d. Alimentación,¿Cuándo fue la última vez que alguien hablo con la madre sobre la alimentación del niño?,binary,,,0-3 meses;7+ meses,,
granos_raic_tuber_g1,granos_raic_tuber_g1,nino,d. Alimentación,"Ninos Grupo 1-Granos, raices, tuberculos",binary,,,0;1,,
legum_nueces_g2,legum_nueces_g2,nino,d. Alimentación,"Ninos Grupo 2-Leguminosas, nueces",binary,,,0;1,,
lacteos_g3,lacteos_g3,nino,d. Alimentación,Ninos Grupo 3-Lacteos,binary,,,0;1,,
todascarnes_g4,todasCarnes_g4,nino,d. Alimentación,Ninos Grupo 4-Todas Carnes,binary,,,0;1,,
huevos_g5,huevos_g5,nino,d. Alimentación,Ninos Grupo 5-Huevos,binary,,,0;1,,
veg_fruta_vita_g6,veg_fruta_vitA_g6,nino,d. Alimentación,Ninos Group 6-vegetales/frutas con vit A,binary,,,0;1,,
otroveg_frutas_g7,otroveg_frutas_g7,nino,d. Alimentación,Ninos Grupo 7-otros vegetales y frutas,binary,,,0;1,,
dds_nino,DDS_nino,nino,d. Alimentación,"Puntuación de diversidad de dieta, 0-7",factor,,,0;1;2;3;4;5;6;7,,
dds_nino_minima,DDS_nino_minima,nino,d. Alimentación,"Puntuación de diversidad de dieta, minima [>=4 grupos] (OMS)",binary,,,01-Si;02-No,,
frecuencia_minima_comer,frecuencia_minima_comer,nino,d. Alimentación,"Frecuencia mínima de comidas, ayer, (OMS)",binary,,,01-Si;02-No,,
veces_comio_ayer_nopecho,veces_comio_ayer_noPecho,nino,d. Alimentación,"Ayer, cuántas veces comió comida y tomó leche o fórmula para los que no maman",binary,,,13,,
dieta_minima_aceptable,dieta_minima_aceptable,nino,d. Alimentación,"Frecuencia mínima de comidas + Puntuación de diversidad de dieta, minima (OMS)",binary,,,01-Si;02-No,,
fortif_pdulce,Fortif_pdulce,nino,e. Alimentos Fortificados,"Ayer consumió pan dulce de manteca o tostado: 1=Sí, 2=No, 3=No consumen, 4=NS/NR",factor,,,1;2;88;98,,
fortif_pdulce_dias,Fortif_pdulce_dias,nino,e. Alimentos Fortificados,número de días durante los últimos 7 que consumió pan dulce (9=No sabe),factor,,,1;2;3;4;5;6;7,,
fortif_pdulce_veces,Fortif_pdulce_veces,nino,e. Alimentos Fortificados,número de veces por día durante los últimos 7 que consumió pan dulce,factor,,,1;2;3;4;5;12,,
fortif_pan,Fortif_pan,nino,e. Alimentos Fortificados,"Ayer consumió pan desabrido: 1=Sí, 2=No, 3=No consumen, 4=NS/NR",factor,,,1;2;88;98,,
fortif_pan_dias,Fortif_pan_dias,nino,e. Alimentos Fortificados,número de días durante los últimos 7 que consumió pan desabrido (9=No sabe),factor,,,1;2;3;4;5;6;7,,
fortif_pan_veces,Fortif_pan_veces,nino,e. Alimentos Fortificados,número de veces por día durante los últimos 7 que consumió pan desabrido,factor,,,1;2;3;4,,
fortif_harina_trig,Fortif_harina_trig,nino,e. Alimentos Fortificados,"Ayer consumió alimentos preparados en casa de harina de trigo: 1=Sí, 2=No, 3=No consumen, 4=NS/NR",factor,,,1;2;88;98,,
fortif_harina_trig_dias,Fortif_harina_trig_dias,nino,e. Alimentos Fortificados,número de días durante los últimos 7 que consumió harina de trigo (9=No sabe),factor,,,1;2;3;4;5;6;7,,
fortif_harina_trig_veces,Fortif_harina_trig_veces,nino,e. Alimentos Fortificados,número de veces por día durante los últimos 7 que consumió harina de trigo,factor,,,1;2;3;7,,
fortif_harina_maiz,Fortif_harina_maiz,nino,e. Alimentos Fortificados,"Ayer consumió alimentos preparados en casa de harina de maíz: 1=Sí, 2=No, 3=No consumen, 4=NS/NR",factor,,,1;2;88;98,,
fortif_harina_maiz_dias,Fortif_harina_maiz_dias,nino,e. Alimentos Fortificados,número de días durante los últimos 7 que consumió harina de maíz (9=No sabe),factor,,,1;2;3;5;6;7,,
fortif_harina_maiz_veces,Fortif_harina_maiz_veces,nino,e. Alimentos Fortificados,número de veces por día durante los últimos 7 que consumió harina de maíz,factor,,,1;2;3;4,,
fortif_jugo_enlatado,Fortif_jugo_enlatado,nino,e. Alimentos Fortificados,"Ayer consumió jugos envasadas o enlatadas: 1=Sí, 2=No, 3=No consumen, 4=NS/NR",factor,,,1;2;88;98,,
fortif_jugo_enlatado_dias,Fortif_jugo_enlatado_dias,nino,e. Alimentos Fortificados,número de días durante los últimos 7 que consumió jugos envasadas o enlatadas (9=No sabe),factor,,,1;2;3;4;5;6;7,,
fortif_jugo_enlatado_veces,Fortif_jugo_enlatado_veces,nino,e. Alimentos Fortificados,número de veces por día durante los últimos 7 que consumió jugos envasadas o enlatadas,factor,,,1;2;3;4,,
fortif_refresco_azucar,Fortif_refresco_azucar,nino,e. Alimentos Fortificados,"Ayer consumió refresco preparado en casa con azúcar incorporada: 1=Sí, 2=No, 3=No consumen, 4=NS/NR",factor,,,1;2;88;98,,
fortif_refresco_azucar_dias,Fortif_refresco_azucar_dias,nino,e. Alimentos Fortificados,número de días durante los últimos 7 que consumió refresco preparado en casa con azúcar incorporada (9=No sabe),factor,,,1;2;3;4;5;6;7,,
fortif_refresco_azucar_veces,Fortif_refresco_azucar_veces,nino,e. Alimentos Fortificados,número de veces por día durante los últimos 7 que consumió refresco preparado en casa con azúcar incorporada,factor,,,1;2;3;4;5;6;7,,
fortif_azucar_morena,Fortif_azucar_morena,nino,e. Alimentos Fortificados,"Ayer consumió azúcar morena: 1=Sí, 2=No, 3=No consumen, 4=NS/NR",factor,,,1;2;88,,
fortif_azucar_morena_dias,Fortif_azucar_morena_dias,nino,e. Alimentos Fortificados,número de días durante los últimos 7 que consumió azúcar morena (9=No sabe),factor,,,1;2;3;4;5;6;7,,
fortif_azucar_morena_veces,Fortif_azucar_morena_veces,nino,e. Alimentos Fortificados,número de veces por día durante los últimos 7 que consumió azúcar morena,factor,,,1;2;3;4;5;6,,
fortif_azucar_estandar,Fortif_azucar_estandar,nino,e. Alimentos Fortificados,"Ayer consumió azúcar estandar: 1=Sí, 2=No, 3=No consumen, 4=NS/NR",factor,,,1;2;88;98,,
fortif_azucar_estandar_dias,Fortif_azucar_estandar_dias,nino,e. Alimentos Fortificados,número de días durante los últimos 7 que consumió azúcar estandar (9=No sabe),factor,,,1;2;3;4;5;6;7,,
fortif_azucar_estandar_veces,Fortif_azucar_estandar_veces,nino,e. Alimentos Fortificados,número de veces por día durante los últimos 7 que consumió azúcar estandar,numeric_integer,0,30,,times,
fortif_azucar_blanca,Fortif_azucar_blanca,nino,e. Alimentos Fortificados,"Ayer consumió azúcar blanca: 1=Sí, 2=No, 3=No consumen, 4=NS/NR",factor,,,1;2;88,,
fortif_azucar_blanca_dias,Fortif_azucar_blanca_dias,nino,e. Alimentos Fortificados,número de días durante los últimos 7 que consumió azúcar blanca (9=No sabe),binary,,,7,,
fortif_azucar_blanca_veces,Fortif_azucar_blanca_veces,nino,e. Alimentos Fortificados,número de veces por día durante los últimos 7 que consumió azúcar blanca,binary,,,2,,
fortif_sal_gruesa,Fortif_sal_gruesa,nino,e. Alimentos Fortificados,"Ayer consumió sal gruesa: 1=Sí, 2=No, 3=No consumen, 4=NS/NR",factor,,,1;2;88,,
fortif_sal_gruesa_dias,Fortif_sal_gruesa_dias,nino,e. Alimentos Fortificados,número de días durante los últimos 7 que consumió sal gruesa (9=No sabe),factor,,,1;2;3;4;5;6;7,,
fortif_sal_gruesa_veces,Fortif_sal_gruesa_veces,nino,e. Alimentos Fortificados,número de veces por día durante los últimos 7 que consumió sal gruesa,factor,,,1;2;3;4;5;6;7,,
fortif_sal_fina,Fortif_sal_fina,nino,e. Alimentos Fortificados,"Ayer consumió sal fina: 1=Sí, 2=No, 3=No consumen, 4=NS/NR",factor,,,1;2;88;98,,
fortif_sal_fina_dias,Fortif_sal_fina_dias,nino,e. Alimentos Fortificados,número de días durante los últimos 7 que consumió sal fina (9=No sabe),factor,,,1;3;4;7,,
fortif_sal_fina_veces,Fortif_sal_fina_veces,nino,e. Alimentos Fortificados,número de veces por día durante los últimos 7 que consumió sal fina,factor,,,1;2;3;4;5;7,,
fortif_sal_ganado,Fortif_sal_ganado,nino,e. Alimentos Fortificados,"Ayer consumió sal para ganados [animales]: 1=Sí, 2=No, 3=No consumen, 4=NS/NR",factor,,,1;2;88,,
fortif_sal_ganado_dias,Fortif_sal_ganado_dias,nino,e. Alimentos Fortificados,número de días durante los últimos 7 que consumió sal para ganados [animales] (9=No sabe),binary,,,7,,
fortif_sal_ganado_veces,Fortif_sal_ganado_veces,nino,e. Alimentos Fortificados,número de veces por día durante los últimos 7 que consumió sal para ganados [animales],binary,,,1;3,,
fortif_incaparina,Fortif_incaparina,nino,e. Alimentos Fortificados,"Ayer consumió atol de Incaparina o comidas preparadas con Incaparina: 1=Sí, 2=No, 3=No consumen, 4=NS/NR",factor,,,1;2;88;98,,
fortif_incaparina_dias,Fortif_incaparina_dias,nino,e. Alimentos Fortificados,número de días durante los últimos 7 que consumió atol de Incaparina o comidas preparadas con Incaparina (9=No sabe),factor,,,1;2;3;4;5;6;7,,
fortif_incaparina_veces,Fortif_incaparina_veces,nino,e. Alimentos Fortificados,número de veces por día durante los últimos 7 que consumió atol de Incaparina o comidas preparadas con Incaparina,factor,,,1;2;3;4;5;6;7;8,,
fortif_vitacereal,Fortif_vitacereal,nino,e. Alimentos Fortificados,"Ayer consumió Vitacereal o comidas preparadas con Vitacereal: 1=Sí, 2=No, 3=No consumen, 4=NS/NR",factor,,,1;2;88,,
fortif_vitacereal_dias,Fortif_vitacereal_dias,nino,e. Alimentos Fortificados,número de días durante los últimos 7 que consumió Vitacereal o comidas preparadas con Vitacereal (9=No sabe),factor,,,1;2;3;4;5;7,,
fortif_vitacereal_veces,Fortif_vitacereal_veces,nino,e. Alimentos Fortificados,número de veces por día durante los últimos 7 que consumió Vitacereal o comidas preparadas con Vitacereal,factor,,,1;2;3;4;5,,
talla_resultado_medicion,Talla_Resultado_medicion,nino,f. Antropometría,"Resultado de la medición de talla: 1=Medido, 3=No presente, 5=Rechazo, 6=Otro",factor,,,1;2;3;5;6,,
talla_hora,Talla_hora,nino,f. Antropometría,Hora de medición de talla,numeric_continuous,0,126360,,,bounds inferred from observed range with buffer; requires review
talla_equipo,Talla_equipo,nino,f. Antropometría,Código tallimetro,id,,,,,
peso_resultado_medicion,Peso_Resultado_medicion,nino,f. Antropometría,"Resultado de la medición de peso: 1=Medido, 3=No presente, 5=Rechazo, 6=Otro",factor,,,1;2;5;6,,
pesoropanino,PesoRopaNino,nino,f. Antropometría,Peso de la ropa del niño (kg),numeric_continuous,0,5,,kg,weight of child clothing during anthropometric measurement
peso_hora,Peso_hora,nino,f. Antropometría,Hora de medición de peso,numeric_continuous,0,104610,,,bounds inferred from observed range with buffer; requires review
peso_equipo,Peso_equipo,nino,f. Antropometría,Código de pesa,id,,,,,
muac_resultado_medicion,MUAC_Resultado_medicion,nino,g. Índices biológicos,Resultado de la medición de perímetro braquial,factor,,,1;3;5;6;96,,
muac_hora,MUAC_hora,nino,g. Índices biológicos,Hora de medición de perímetro braquial,numeric_continuous,0,121020,,,bounds inferred from observed range with buffer; requires review
muac_equipo,MUAC_equipo,nino,g. Índices biológicos,Código del equipo para tomada de perímetro braquial,id,,,,,
sangre_ven_recolect,Sangre_ven_recolect,nino,g. Índices biológicos,Sangre venosa recolectada,binary,,,1;2,,
sangre_ven_suf,Sangre_ven_suf,nino,g. Índices biológicos,Sangre venosa volumen suficiente,binary,,,1;2,,
hemoglobina_nino,Hemoglobina_nino,nino,g. Índices biológicos,Hemoglobina del niño (g/dL),numeric_continuous,0,19.3,,,bounds inferred from observed range with buffer; requires review
hbn_ajustada,HBN_AJUSTADA,nino,g. Índices biológicos,Hemoglobina (g/dL) ajustado por altura (OMS),numeric_continuous,3,25,,g/dL,
nboletahogar,nboletahogar,hogar,a. Información básica,número del cuestionario del hogar,id,,,,,
notabletahogar,NoTabletaHogar,hogar,a. Información básica,Número de la tableta electrónica para la encuesta,id,,,,,
mujerelegible,MUJERELEGIBLE,hogar,a. Información básica,Hay una mujer entre 15-49 años que vive en la casa,binary,,,1;2,,
ninoelegible,NINOELEGIBLE,hogar,a. Información básica,Hay un niño menor de 5 años que vive en la casa,binary,,,1;2,,
retinol_mg_kg,Retinol_mg_kg,hogar,f. Micronutrientes en alimentos,Retinol en azúcar (mg/kg),numeric_continuous,0,1000,,mg/kg,retinol fortification
obs_retinol_azuc,Obs_Retinol_Azuc,hogar,f. Micronutrientes en alimentos,Observaciones del analisis de retinol en azúcar,binary,,,< 1.5 mg/kg,,
yodo_mg_kg,Yodo_mg_kg,hogar,f. Micronutrientes en alimentos,Yodo en sal (mg/kg),numeric_continuous,0,200,,mg/kg,iodine in salt
obs_yodosal,Obs_Yodosal,hogar,f. Micronutrientes en alimentos,Observaciones del analisis de yodo en sal,binary,,,< 1;No detectado,,
hierro_mg_kg,Hierro_mg_kg,hogar,f. Micronutrientes en alimentos,Hierro en azúcar (mg/kg),numeric_continuous,0,500,,mg/kg,iron fortification
obs_hierro_azuc,Obs_hierro_azuc,hogar,f. Micronutrientes en alimentos,Observaciones del analisis de hierro en azúcar,factor,,,"<0.8 mg/kg;<0.8 mg/kg, Código de sal, es azúcar;<0.8 mg/kg, Peso de muestra <10 gramos;INSUFICIENTE;No detectado;No detectado, Peso de muestra <10 gramos;Peso de muestra <10 gramos",,
conglomerado,Conglomerado,hogar,a. Información básica,ID Cartográfica: conglomerado; utiliza para corregir los errores estándares en todos los análisis,numeric_continuous,0,100000000,,id,cluster identifier
gps_altitud,GPS_Altitud,hogar,a. Información básica,Altitud de sistema global de posicionamiento (GPS),numeric_continuous,0,8938,,m,altitude m above sea level
ruralurbano,RuralUrbano,hogar,a. Información básica,Vivienda se ubica en una comunidad Rural o Urbano,binary,,,1;2,,
departamento,Departamento,hogar,a. Información básica,Departamento de la vivienda,text,,,,,
nlinea_informante,NLinea_Informante,hogar,a. Información básica,Número de línea en la lista de miembros del hogar,id,,,,,
fecha_entrevista,fecha_entrevista,hogar,a. Información básica,Fecha de la entrevista,numeric_continuous,0,21800,,,bounds inferred from observed range with buffer; requires review
resultado_entrevista1,Resultado_entrevista1,hogar,a. Información básica,"Resultado de la primera entrevista (completa, parcial, etc), utilizado para determinar la proporción de encuestados",factor,,,1;2;3;4;5,,
resultado_entrevista_otro1,Resultado_entrevista_otro1,hogar,a. Información básica,Otro resultado de la primera visita,text,,,,,
resultado_entrevista2,Resultado_entrevista2,hogar,a. Información básica,"Resultado de la segunda entrevista (completa, parcial, etc), utilizado para determinar la proporción de encuestados",factor,,,1;2;3;4,,
resultado_entrevista_otro2,Resultado_entrevista_otro2,hogar,a. Información básica,Otro resultado de la segunda visita,text,,,,,
resultado_entrevista3,Resultado_entrevista3,hogar,a. Información básica,"Resultado de la tercera entrevista (completa, parcial, etc), utilizado para determinar la proporción de encuestados",binary,,,1,,
resultado_entrevista_otro3,Resultado_entrevista_otro3,hogar,a. Información básica,Otro resultado de la tercera visita,text,,,,,
idioma_entrevista,Idioma_entrevista,hogar,a. Información básica,Idioma de la entrevista,factor,,,01-Español;02-Kaqchikel;03-Queqchi;04-Kiche;05-Mam;11-Ixil;96-Otro,,
uso_interprete,Uso_interprete,hogar,a. Información básica,Usó un interprete: Sí o No,binary,,,1;2,,
idioma_materno,Idioma_materno,hogar,a. Información básica,El idioma materno del encuestado,factor,,,01-Español;02-Kaqchikel;03-Queqchi;04-Kiche;05-Mam;07-Tzuutujil;08-Kanjobal;11-Ixil;12-Popti;13-Jacalteco;14-Aguacateco;96-Otro,,
hora_inicial1,Hora_inicial1,hogar,a. Información básica,Hora inicial de la entrevista 1,numeric_continuous,0,125130,,,bounds inferred from observed range with buffer; requires review
hora_inicial2,Hora_inicial2,hogar,a. Información básica,Hora inicial de la entrevista 2,numeric_continuous,0,114390,,,bounds inferred from observed range with buffer; requires review
hora_inicial3,Hora_inicial3,hogar,a. Información básica,Hora inicial de la entrevista 3,numeric_continuous,0,113820,,,bounds inferred from observed range with buffer; requires review
hora_final1,Hora_final1,hogar,a. Información básica,Hora final de la entrevista 1,numeric_continuous,0,127410,,,bounds inferred from observed range with buffer; requires review
hora_final2,Hora_final2,hogar,a. Información básica,Hora final de la entrevista 2,numeric_continuous,0,94650,,,bounds inferred from observed range with buffer; requires review
hora_final3,Hora_final3,hogar,a. Información básica,Hora final de la entrevista 3,numeric_continuous,0,90030,,,bounds inferred from observed range with buffer; requires review
num_miembros_hogar,num_miembros_hogar,hogar,b. Characterísticas generales,Número de miembros del hogar,numeric_continuous,0,28,,,bounds inferred from observed range with buffer; requires review
vivienda_propriedad,vivienda_propriedad,hogar,b. Characterísticas generales,"Esta vivienda es propia, alquilada, cedida, prestada, u ocupada bajo otra condición",factor,,,1;2;3;4;96,,
vivienda_propriedad_o,vivienda_propriedad_o,hogar,b. Characterísticas generales,"Esta vivienda es propia, alquilada, cedida, prestada, u ocupada bajo otra condición, otro especificado",binary,,,NO SABE COMO ESTAN;NO TIENEN NINGUN DOCUMENTO NI PAGAN NADA,,
vivienda_material_pared,vivienda_material_pared,hogar,b. Characterísticas generales,Principal material de construcción de las paredes,factor,,,1;2;3;4;5;6;7;8;96,,
vivienda_material_pared_o,vivienda_material_pared_o,hogar,b. Characterísticas generales,"Principal material de construcción de las paredes, otro especificado",text,,,,,
vivienda_material_techo,vivienda_material_techo,hogar,b. Characterísticas generales,Principal material de construcción del techo,factor,,,1;2;3;4;5;96,,
vivienda_material_techo_o,vivienda_material_techo_o,hogar,b. Characterísticas generales,"Principal material de construcción del techo, otro especificado",binary,,,madera,,
vivienda_material_piso,vivienda_material_piso,hogar,b. Characterísticas generales,Principal material de construcción del piso,factor,,,1;2;3;4;5;6;7;96,,
vivienda_material_piso_o,vivienda_material_piso_o,hogar,b. Characterísticas generales,"Principal material de construcción del piso, otro especificado",binary,,,tablas,,
vivienda_tipo,vivienda_tipo,hogar,b. Characterísticas generales,Tipo de vivienda,factor,,,1;2;3;4;5;96,,
vivienda_tipo_o,vivienda_tipo_o,hogar,b. Characterísticas generales,"Tipo de vivienda, otro especificado",text,,,,,
vivienda_cuartos,vivienda_cuartos,hogar,b. Characterísticas generales,"¿De cuántos cuartos dispone esta vivienda (no incluye baños, cocina, pasillos, garajes)?",numeric_continuous,0,30,,rooms,
vivienda_dormitorios,vivienda_dormitorios,hogar,b. Characterísticas generales,"De este total de cuartos, ¿cuántos usan siempre para dormir aunque tengan otros usos en el día?",factor,,,1;2;3;4;5;6;7;8,,
cocina_tiene,cocina_tiene,hogar,b. Characterísticas generales,¿Tiene esta vivienda un cuarto o lugar exclusivamente para cocinar?,binary,,,1;2,,
cocina_quien,cocina_quien,hogar,b. Characterísticas generales,¿En este hogar quién cocina los alimentos?,numeric_continuous,0,22.5,,,bounds inferred from observed range with buffer; requires review
cocina_donde_dormir,cocina_donde_dormir,hogar,b. Characterísticas generales,¿En el cuarto donde cocinan también duermen?,binary,,,1;2,,
cocina_privada,cocina_privada,hogar,b. Characterísticas generales,¿El lugar que usan para cocinar lo usan sólo los miembros de su hogar o lo comparten?,binary,,,1;2,,
cocina_combustible,cocina_combustible,hogar,b. Characterísticas generales,¿Cuál es el combustible principal que usan para cocinar?,factor,,,1;2;3;4;5;96,,
cocina_combustible_o,cocina_combustible_o,hogar,b. Characterísticas generales,"¿Cuál es el combustible principal que usan para cocinar?, otro especificado",factor,,,estufa electrica;no cocina;NO COCINA;no cocina compra comida;no cocinan;no cocinan y no tienen cocina;no cosina;no tiene,,
agua_fuente,agua_fuente,hogar,b. Characterísticas generales,¿Cuál es la fuente principal de abastecimiento de agua para beber o tomar que usan los miembros del hogar?,numeric_continuous,0,143.5,,,bounds inferred from observed range with buffer; requires review
agua_fuente_o,agua_fuente_o,hogar,b. Characterísticas generales,"¿Cuál es la fuente principal de abastecimiento de agua para beber o tomar que usan los miembros del hogar?, otro especificado",text,,,,,
agua_fuente_donde,agua_fuente_donde,hogar,b. Characterísticas generales,¿Dónde esta ubicada su fuente de agua principal?,factor,,,1;2;96,,
agua_fuente_donde_o,agua_fuente_donde_o,hogar,b. Characterísticas generales,"¿Dónde esta ubicada su fuente de agua principal?, otro especificado",text,,,,,
agua_pub_priv,agua_pub_priv,hogar,b. Characterísticas generales,"¿El servicio de agua es público, privado o llega a través del comité de agua?",factor,,,1;2;3;98,,
agua_almacena,agua_almacena,hogar,b. Characterísticas generales,¿Cómo almacena el agua para beber en su hogar después de sacarla de la fuente que mencionó antes?,factor,,,1;2;3,,
agua_almacena_lavar,agua_almacena_lavar,hogar,b. Characterísticas generales,¿Con qué frecuencia lava el recipiente donde almacena el agua?,factor,,,0;1;2;98,,
agua_trata,agua_trata,hogar,b. Characterísticas generales,Tratan el agua que toman,factor,,,1;2;98,,
agua_trata_hervir,agua_trata_hervir,hogar,b. Characterísticas generales,Cómo tratan el agua que toman: Hervir,binary,,,1;2,,
agua_trata_clorar,agua_trata_clorar,hogar,b. Characterísticas generales,Cómo tratan el agua que toman: Clorar,binary,,,1;2,,
agua_trata_filtrar,agua_trata_filtrar,hogar,b. Characterísticas generales,Cómo tratan el agua que toman: Filtrar,binary,,,1;2,,
agua_trata_asolear,agua_trata_asolear,hogar,b. Characterísticas generales,Cómo tratan el agua que toman: Asolear (método SODIS),binary,,,1;2,,
agua_trata_otro,agua_trata_otro,hogar,b. Characterísticas generales,Cómo tratan el agua que toman: otro,binary,,,1;2,,
agua_trata_otro_esp,agua_trata_otro_esp,hogar,b. Characterísticas generales,Cómo tratan el agua que toman: otro especificado,binary,,,LE APLICA BIOSYDE;lo colocan en el congelador por dos dias,,
serv_san_tipo,serv_san_tipo,hogar,b. Characterísticas generales,¿Qué tipo de servicio sanitario tiene esta vivienda?,factor,,,1;2;3;4;5;6;96,,
serv_san_tipo_o,serv_san_tipo_o,hogar,b. Characterísticas generales,"¿Qué tipo de servicio sanitario tiene esta vivienda?, otro especificado",factor,,,abonera;hollo al pulso;letrina abonera;letrina abonero;letrinas abonera,,
basura_deshacer,basura_deshacer,hogar,b. Characterísticas generales,¿Como se deshacen de la basura que sale de esta vivienda?,factor,,,1;2;3;4;5;96,,
basura_deshacer_o,basura_deshacer_o,hogar,b. Characterísticas generales,"¿Como se deshacen de la basura que sale de esta vivienda?, otro especificado",factor,,,"ABONERA;con el hijo deja la basura, porque el hijo paga servicio;La lleva al Deposito de la terminal;La llevan al basurero;RESICLAN",,
transporte_bicicleta,transporte_bicicleta,hogar,b. Characterísticas generales,Algún miembro del hogar tiene y usa para transporte: Bicicleta,binary,,,No;Yes,,
transporte_motocicleta,transporte_motocicleta,hogar,b. Characterísticas generales,Algún miembro del hogar tiene y usa para transporte: Motocicleta,binary,,,No;Yes,,
transporte_motoneta,transporte_motoneta,hogar,b. Characterísticas generales,Algún miembro del hogar tiene y usa para transporte: Motoneta,binary,,,No;Yes,,
transporte_carro,transporte_carro,hogar,b. Characterísticas generales,Algún miembro del hogar tiene y usa para transporte: Carro o camionetilla,binary,,,No;Yes,,
transporte_pickup,transporte_pickup,hogar,b. Characterísticas generales,Algún miembro del hogar tiene y usa para transporte: Pick up,binary,,,No;Yes,,
transporte_camion,transporte_camion,hogar,b. Characterísticas generales,Algún miembro del hogar tiene y usa para transporte: Camión,binary,,,No;Yes,,
transporte_bestia,transporte_bestia,hogar,b. Characterísticas generales,"Algún miembro del hogar tiene y usa para transporte: Bestia (Caballo, Mula, Burro)",binary,,,No;Yes,,
transporte_lancha,transporte_lancha,hogar,b. Characterísticas generales,Algún miembro del hogar tiene y usa para transporte: Lancha o cayuco,binary,,,No;Yes,,
bienes_luz,bienes_luz,hogar,b. Characterísticas generales,Bienes del hogar: Luz electrica,binary,,,No;Yes,,
bienes_solar,bienes_solar,hogar,b. Characterísticas generales,Bienes del hogar: Energía solar,binary,,,No;Yes,,
bienes_television,bienes_television,hogar,b. Characterísticas generales,Bienes del hogar: Televisión,binary,,,No;Yes,,
bienes_refri,bienes_refri,hogar,b. Characterísticas generales,Bienes del hogar: Refrigerador,binary,,,No;Yes,,
bienes_telefonofija,bienes_telefonofija,hogar,b. Characterísticas generales,Bienes del hogar: Teléfono de línea fija,binary,,,No;Yes,,
bienes_celular,bienes_celular,hogar,b. Characterísticas generales,Bienes del hogar: Teléfono celular,binary,,,No;Yes,,
bienes_lavadora,bienes_lavadora,hogar,b. Characterísticas generales,Bienes del hogar: Lavadora,binary,,,No;Yes,,
bienes_secadora,bienes_secadora,hogar,b. Characterísticas generales,Bienes del hogar: Secadora de ropa,binary,,,No;Yes,,
bienes_microondas,bienes_microondas,hogar,b. Characterísticas generales,Bienes del hogar: Microondas,binary,,,No;Yes,,
bienes_computadora,bienes_computadora,hogar,b. Characterísticas generales,Bienes del hogar: Computadora,binary,,,No;Yes,,
bienes_radio,bienes_radio,hogar,b. Characterísticas generales,Bienes del hogar: Radio,binary,,,No;Yes,,
bienes_aire_acond,bienes_aire_acond,hogar,b. Characterísticas generales,Bienes del hogar: Aire acondicionado,binary,,,No;Yes,,
bienes_vent_cedazo,bienes_vent_cedazo,hogar,b. Characterísticas generales,Bienes del hogar: Ventanas con cedazo,binary,,,No;Yes,,
lavado_manos_donde,lavado_manos_donde,hogar,b. Characterísticas generales,Enséñeme en dónde normalmente se lavan las manos las personas en su hogar,factor,,,1;2;3;96,,
lavado_manos_agua,lavado_manos_agua,hogar,b. Characterísticas generales,Presencia de agua en el lugar donde se lavan las manos,binary,,,1;2,,
lavado_manos_jabonbarra,lavado_manos_jabonbarra,hogar,b. Characterísticas generales,Presencia de jabón en barra en el lugar donde se lavan las manos,binary,,,No;Yes,,
lavado_manos_detergente,lavado_manos_detergente,hogar,b. Characterísticas generales,Presencia de detergente en el lugar donde se lavan las manos,binary,,,No;Yes,,
lavado_manos_jabonliq,lavado_manos_jabonliq,hogar,b. Characterísticas generales,Presencia de jabón líquido en el lugar donde se lavan las manos,binary,,,No;Yes,,
lavado_manos_nojabon,lavado_manos_nojabon,hogar,b. Characterísticas generales,No jabón en el lugar donde se lavan las manos,binary,,,No;Yes,,
jabon_hogar,jabon_hogar,hogar,b. Characterísticas generales,Tiene jabón o detergente en su hogar,binary,,,1;2,,
jabon_hogar_barra,jabon_hogar_barra,hogar,b. Characterísticas generales,Tipo de jabón que mostró en el hogar: Jabón en barra,binary,,,No;Yes,,
jabon_hogar_detergente,jabon_hogar_detergente,hogar,b. Characterísticas generales,Tipo de jabón que mostró en el hogar: Detergente,binary,,,No;Yes,,
jabon_hogar_liq,jabon_hogar_liq,hogar,b. Characterísticas generales,Tipo de jabón que mostró en el hogar: Jabón líquido,binary,,,No;Yes,,
jabon_hogar_nohay,jabon_hogar_nohay,hogar,b. Characterísticas generales,Tipo de jabón que mostró en el hogar: No hay jabón,binary,,,No;Yes,,
jabon_hogar_nomostro,jabon_hogar_nomostro,hogar,b. Characterísticas generales,Tipo de jabón que mostró en el hogar: No mostró,binary,,,No;Yes,,
idioma_hogar,Idioma_hogar,hogar,c. Información socioeconómica,¿Qué idioma hablan habitualmente la mayoría de los miembros de este hogar?,numeric_continuous,0,143.5,,,bounds inferred from observed range with buffer; requires review
idioma_hogar_o,Idioma_hogar_o,hogar,c. Información socioeconómica,"¿Qué idioma hablan habitualmente la mayoría de los miembros de este hogar?, otro especificado",factor,,,acateco;achi;Achi;ACHI;chuj;Chuj;CHUJ;chuj coataneco;CHUJ COATANECO,,
migrar_trabajar,Migrar_trabajar,hogar,c. Información socioeconómica,"En los últimos 12 meses, ¿algún miembro del hogar salió fuera de la comunidad a trabajar temporal o permanentemente?",binary,,,1;2,,
migrar_trabajar_donde,Migrar_trabajar_donde,hogar,c. Información socioeconómica,"En los últimos 12 meses, a dónde fue a trabajar fuera de la comunidad",factor,,,1;2;3;4;5;6;96,,
migrar_trabajar_donde_o,Migrar_trabajar_donde_o,hogar,c. Información socioeconómica,"En los últimos 12 meses, a dónde fue a trabajar fuera de la comunidad, otro especificado",factor,,,A Costa Rica y Nicaragua;BELICE;canada;Canada;CANADA;Costa Rica;COSTA RICA;honduras;Honduras;HONDURAS;Panama;San Salvador,,
benef_gob_alim_escolar,Benef_gob_Alim_escolar,hogar,c. Información socioeconómica,"En los últimos 12 meses, algún miembro del hogar recibió beneficios de: Alimentación Escolar",binary,,,No;Yes,,
benef_gob_beca_escolar,Benef_gob_Beca_escolar,hogar,c. Información socioeconómica,"En los últimos 12 meses, algún miembro del hogar recibió beneficios de: Becas Escolares",binary,,,No;Yes,,
benef_gob_util_escolar,Benef_gob_Util_escolar,hogar,c. Información socioeconómica,"En los últimos 12 meses, algún miembro del hogar recibió beneficios de: Bolsa de últiles escolares",binary,,,No;Yes,,
benef_gob_vitacereal,Benef_gob_Vitacereal,hogar,c. Información socioeconómica,"En los últimos 12 meses, algún miembro del hogar recibió beneficios de: Vitacereal",binary,,,No;Yes,,
benef_gob_raciones,Benef_gob_Raciones,hogar,c. Información socioeconómica,"En los últimos 12 meses, algún miembro del hogar recibió beneficios de: Raciones Familiares Alimentos/Mi Bolsa Segura",binary,,,No;Yes,,
benef_gob_microcredito,Benef_gob_Microcredito,hogar,c. Información socioeconómica,"En los últimos 12 meses, algún miembro del hogar recibió beneficios de: Micro créditos",binary,,,No;Yes,,
benef_gob_insumos_agri,Benef_gob_insumos_agri,hogar,c. Información socioeconómica,"En los últimos 12 meses, algún miembro del hogar recibió beneficios de: Insumos agrícolas (semillas, fertilizantes)",binary,,,No;Yes,,
benef_gob_mibonoseguro,Benef_gob_mibonoseguro,hogar,c. Información socioeconómica,"En los últimos 12 meses, algún miembro del hogar recibió beneficios de: Mi Bono Seguro",binary,,,No;Yes,,
benef_gob_otro,Benef_gob_otro,hogar,c. Información socioeconómica,"En los últimos 12 meses, algún miembro del hogar recibió beneficios de: Otro programa gubernamental",binary,,,No;Yes,,
benef_gob_otro_esp,Benef_gob_otro_esp,hogar,c. Información socioeconómica,"En los últimos 12 meses, algún miembro del hogar recibió beneficios de: Otro programa gubernamental, especificado",text,,,,,
benef_ong_mercycorps,Benef_ONG_MercyCorps,hogar,c. Información socioeconómica,"En los últimos 12 meses, algún miembro del hogar recibió beneficios de: Mercy Corps (PROCOMIDA, etc.)",binary,,,No,,
benef_ong_pma,Benef_ONG_PMA,hogar,c. Información socioeconómica,"En los últimos 12 meses, algún miembro del hogar recibió beneficios de: Programa Mundial de Alimentos",binary,,,No;Yes,,
benef_ong_share,Benef_ONG_SHARE,hogar,c. Información socioeconómica,"En los últimos 12 meses, algún miembro del hogar recibió beneficios de: SHARE",binary,,,No;Yes,,
benef_ong_fundazucar,Benef_ONG_FUNDAZUCAR,hogar,c. Información socioeconómica,"En los últimos 12 meses, algún miembro del hogar recibió beneficios de: FUNDAZUCAR (Mejores Familias)",binary,,,No;Yes,,
benef_ong_savechildren,Benef_ONG_SaveChildren,hogar,c. Información socioeconómica,"En los últimos 12 meses, algún miembro del hogar recibió beneficios de: Save the Children (PAISANO, etc.)",binary,,,No,,
benef_ong_visionmundial,Benef_ONG_VisionMundial,hogar,c. Información socioeconómica,"En los últimos 12 meses, algún miembro del hogar recibió beneficios de: Visión Mundial",binary,,,No;Yes,,
benef_ong_crs,Benef_ONG_CRS,hogar,c. Información socioeconómica,"En los últimos 12 meses, algún miembro del hogar recibió beneficios de: Catholic Relief Services (SEGAMIL, etc.)",binary,,,No;Yes,,
benef_ong_iglesias,Benef_ONG_Iglesias,hogar,c. Información socioeconómica,"En los últimos 12 meses, algún miembro del hogar recibió beneficios de: Iglesias",binary,,,No;Yes,,
benef_ong_otro,Benef_ONG_otro,hogar,c. Información socioeconómica,"En los últimos 12 meses, algún miembro del hogar recibió beneficios de: Otro programa no gubernamental",binary,,,No;Yes,,
benef_ong_otro_esp,Benef_ONG_otro_esp,hogar,c. Información socioeconómica,"En los últimos 12 meses, algún miembro del hogar recibió beneficios de: Otro programa no gubernamental, especificado",text,,,,,
remesas,Remesas,hogar,c. Información socioeconómica,"¿En los últimos 3 meses, algún miembro del hogar recibió dinero de remesas de parientes/familiares que viven en el exterior?",factor,,,1;2;98,,
fies1,FIES1,hogar,d. Seguridad alimentaria,Durante los últimos 12 MESES ha habido algún momento en que ¿Usted u otra persona en su hogar se haya preocupado por no tener suficientes alimentos para comer for falta de dinero?,factor,,,1;2;98,,
fies2,FIES2,hogar,d. Seguridad alimentaria,Durante los últimos 12 MESES ha habido algún momento en que ¿hubo alguna vez en que usted u otra persona en su hogar no haya podido comer alimentos saludables y nutritivos por falta de dinero u otros recursos?,factor,,,1;2;98,,
fies3,FIES3,hogar,d. Seguridad alimentaria,Durante los últimos 12 MESES ha habido algún momento en que ¿Hubo alguna vez en que usted u otra persona en su hogar haya comido poca variedad de alimentos por falta de dinero u otros recursos?,factor,,,1;2;98,,
fies4,FIES4,hogar,d. Seguridad alimentaria,"Durante los últimos 12 MESES ha habido algún momento en que ¿Hubo alguna vez en que usted u otra persona en su hogar haya tenido que dejar de desayudar, almorzar o cenar porque no había suficiente dinero u otros recursos para obtener alimentos?",factor,,,1;2;98,,
fies5,FIES5,hogar,d. Seguridad alimentaria,Durante los últimos 12 MESES ha habido algún momento en que ¿hubo alguna vez en que usted u otra persona en su hogar haya comido menos de lo que pensaba que debía comer por falta de dinero u otros recursos?,factor,,,1;2;98;99,,
fies6,FIES6,hogar,d. Seguridad alimentaria,Durante los últimos 12 MESES ha habido algún momento en que ¿Hubo alguna vez en que su hogar se haya quedado sin alimentos por falta de dinero u otros recursos?,factor,,,1;2;98;99,,
fies7,FIES7,hogar,d. Seguridad alimentaria,Durante los últimos 12 MESES ha habido algún momento en que ¿Hubo alguna vez en que usted u otra persona en su hogar haya sentido hambre pero no comió porque no había suficiente dinero u otros recursos para obtener alimentos?,factor,,,1;2;98;99,,
fies8,FIES8,hogar,d. Seguridad alimentaria,Durante los últimos 12 MESES ha habido algún momento en que ¿Hubo alguna vez en que usted u otra persona en su hogar haya dejado de comer todo un día por falta de dinero u otros recursos?,factor,,,1;2;98,,
sal_gruesa,Sal_gruesa,hogar,e. Alimentos fortificados,Usan sal gruesa para cocinar o echarle a la comida,binary,,,1;2,,
sal_gruesa_libras,Sal_gruesa_libras,hogar,e. Alimentos fortificados,"En general, cuánto compra sal gruesa en libras",numeric_continuous,0,500,,pounds,
sal_gruesa_frec,Sal_gruesa_frec,hogar,e. Alimentos fortificados,"En general, cada cuánto compra sal gruesa en días, semanas, o meses (Ultilizar con Sal_gruesa_frec_uni)",numeric_continuous,0,269.5,,,bounds inferred from observed range with buffer; requires review
sal_gruesa_frec_uni,Sal_gruesa_frec_uni,hogar,e. Alimentos fortificados,Unidad de frecuencia de compra de sal gruesa,factor,,,1;2;3,,
sal_gruesa_casa,Sal_gruesa_casa,hogar,e. Alimentos fortificados,Tiene sal gruesa en la casa,binary,,,1;2,,
sal_gruesa_mostrada,Sal_gruesa_mostrada,hogar,e. Alimentos fortificados,Mostró sal gruesa,binary,,,1;2,,
sal_gruesa_marca,Sal_gruesa_marca,hogar,e. Alimentos fortificados,Marca de sal gruesa en la casa,factor,,,1;2;3,,
sal_gruesa_marca_esp,Sal_gruesa_marca_esp,hogar,e. Alimentos fortificados,"Marca de sal gruesa en la casa, especificado",text,,,,,
sal_gruesa_marca_pais,Sal_gruesa_marca_pais,hogar,e. Alimentos fortificados,País de origen de sal gruesa importada en la casa,binary,,,DIAMANTE;HIMALAYAN PUNK SALT,,
sal_gruesa_yodo_etiq,Sal_gruesa_yodo_etiq,hogar,e. Alimentos fortificados,Etiqueta de sal gruesa dice yodada,factor,,,1;2;3,,
sal_mesa,Sal_mesa,hogar,e. Alimentos fortificados,Usan sal de mesa (fina) para cocinar o echarle a la comida,binary,,,1;2,,
sal_mesa_libras,Sal_mesa_libras,hogar,e. Alimentos fortificados,"En general, cuánto compra sal de mesa en libras",numeric_continuous,0,500,,pounds,
sal_mesa_frec,Sal_mesa_frec,hogar,e. Alimentos fortificados,"En general, cada cuánto compra sal de mesa en días, semanas, o meses (Ultilizar con Sal_mesa_frec_uni)",numeric_continuous,0,112,,,bounds inferred from observed range with buffer; requires review
sal_mesa_frec_uni,Sal_mesa_frec_uni,hogar,e. Alimentos fortificados,Unidad de frecuencia de compra de sal de mesa,factor,,,1;2;3,,
sal_mesa_casa,Sal_mesa_casa,hogar,e. Alimentos fortificados,Tiene sal de mesa en la casa,binary,,,1;2,,
sal_mesa_mostrada,Sal_mesa_mostrada,hogar,e. Alimentos fortificados,Mostró sal de mesa,binary,,,1;2,,
sal_mesa_marca,Sal_mesa_marca,hogar,e. Alimentos fortificados,Marca de sal de mesa en la casa,factor,,,1;2;3,,
sal_mesa_marca_esp,Sal_mesa_marca_esp,hogar,e. Alimentos fortificados,"Marca de sal de mesa en la casa, especificado",text,,,,,
sal_mesa_marca_pais,Sal_mesa_marca_pais,hogar,e. Alimentos fortificados,País de origen de sal de mesa importada en la casa,factor,,,"CISNE;ESTADOS UNIDOS;M3XICO;MAXICO;MAXICO, CISNE;MEXICANA;MEXICO;MORTON;OSO BLANCO;OSO BLANCO MEXICO;SAL CISNE;USA",,
sal_mesa_yodo_etiq,Sal_mesa_yodo_etiq,hogar,e. Alimentos fortificados,Etiqueta de sal de mesa dice yodada,binary,,,1;2,,
sal_ganado,Sal_ganado,hogar,e. Alimentos fortificados,Usan sal para ganado/animales para cocinar o echarle a la comida,binary,,,1;2,,
sal_ganado_libras,Sal_ganado_libras,hogar,e. Alimentos fortificados,"En general, cuánto compra sal para ganado (para consumir) en libras",factor,,,1;2;3;7;25,,
sal_ganado_frec,Sal_ganado_frec,hogar,e. Alimentos fortificados,"En general, cada cuánto compra sal para ganado en días, semanas, o meses (Ultilizar con Sal_ganado_frec_uni)",factor,,,1;2;10;12,,
sal_ganado_frec_uni,Sal_ganado_frec_uni,hogar,e. Alimentos fortificados,Unidad de frecuencia de compra de sal para ganados,factor,,,1;2;3,,
sal_ganado_casa,Sal_ganado_casa,hogar,e. Alimentos fortificados,Tiene sal para ganado en la casa,binary,,,1;2,,
sal_ganado_mostrada,Sal_ganado_mostrada,hogar,e. Alimentos fortificados,Mostró sal para ganado,binary,,,1,,
sal_ganado_marca,Sal_ganado_marca,hogar,e. Alimentos fortificados,Marca de sal para ganado en la casa,binary,,,1;2,,
sal_ganado_marca_esp,Sal_ganado_marca_esp,hogar,e. Alimentos fortificados,"Marca de sal para ganado en la casa, especificado",binary,,,AGUAS MARINAS;SABEMAS,,
sal_ganado_marca_pais,Sal_ganado_marca_pais,hogar,e. Alimentos fortificados,País de origen de sal para ganado importada en la casa,text,,,,,
sal_ganado_yodo_etiq,Sal_ganado_yodo_etiq,hogar,e. Alimentos fortificados,Etiqueta de sal para ganado dice yodada,binary,,,1,,
sal_mina,Sal_mina,hogar,e. Alimentos fortificados,Usan sal de mina para cocinar o echarle a la comida,binary,,,1;2,,
sal_mas_usada,Sal_mas_usada,hogar,e. Alimentos fortificados,Tipo de sal que más usa para cocinar o agregar a la comida,factor,,,1;2;3;96,,
sal_mas_usada_o,Sal_mas_usada_o,hogar,e. Alimentos fortificados,"Tipo de sal que más usa para cocinar o agregar a la comida, otro especificado",factor,,,de mina;EL SEÑOR DIJO QUE EL NO COMPRA SAL PORQUE COME EN CUALQUIER LADO;mina;ninguna;NINGUNO;NO COSINA;no tiene sal porque no cocina;No usa;NO USA SAL;Sal Diatetica Morton,,
sal_muestra_recolecto,Sal_muestra_recolecto,hogar,e. Alimentos fortificados,Recolectó la muestra de sal más usada,binary,,,1;2,,
sal_muestra_etiq,Sal_muestra_etiq,hogar,e. Alimentos fortificados,Etiqueta de la muestra de sal recolectada,text,,,,,
azuc_morena,Azuc_morena,hogar,e. Alimentos fortificados,Usan azúcar morena para endulzar o cocinar,binary,,,1;2,,
azuc_morena_libras,Azuc_morena_libras,hogar,e. Alimentos fortificados,"En general, cuánto compra azúcar morena en libras",numeric_continuous,0,500,,pounds,
azuc_morena_frec,Azuc_morena_frec,hogar,e. Alimentos fortificados,"En general, cada cuánto compra azúcar morena en días, semanas, o meses (Ultilizar con Azuc_morena_frec_uni)",numeric_continuous,0,67,,,bounds inferred from observed range with buffer; requires review
azuc_morena_frec_uni,Azuc_morena_frec_uni,hogar,e. Alimentos fortificados,Unidad de frecuencia de compra de azúcar morena,factor,,,1;2;3,,
azuc_morena_casa,Azuc_morena_casa,hogar,e. Alimentos fortificados,Tiene azúcar morena en la casa,binary,,,1;2,,
azuc_morena_mostrada,Azuc_morena_mostrada,hogar,e. Alimentos fortificados,Mostró azúcar morena,binary,,,1;2,,
azuc_morena_marca,Azuc_morena_marca,hogar,e. Alimentos fortificados,Marca de azúcar morena en la casa,binary,,,1;2,,
azuc_morena_marca_esp,Azuc_morena_marca_esp,hogar,e. Alimentos fortificados,"Marca de azúcar morena en la casa, especificado",factor,,,AZÚCAR MORENA;LA MONTAÑA;LA MORENA;LÍA TULIPÁNES;LO NATURAL;LO TULIPANES;LOS TILIPANES;LOS TULIPANES;LOS TULIPONES;MIRENA DE CAÑA;MORENA;MORENA DE CAÑA;TULIPÁN;TULIPANES,,
azuc_morena_marca_pais,Azuc_morena_marca_pais,hogar,e. Alimentos fortificados,País de origen de azúcar morena importada en la casa,text,,,,,
azuc_morena_vita_etiq,Azuc_morena_vitA_etiq,hogar,e. Alimentos fortificados,Etiqueta de azúcar morena dice fortificada con Vitamina A,binary,,,1,,
azuc_morena_hierro_etiq,Azuc_morena_hierro_etiq,hogar,e. Alimentos fortificados,Etiqueta de azúcar morena dice fortificada con Hierro,factor,,,1;2;3,,
azuc_morena_ojo,Azuc_morena_ojo,hogar,e. Alimentos fortificados,Empaque tiene ojo rojo o verde sólo por observación,binary,,,1;2,,
azuc_morena_fecven,Azuc_morena_fecven,hogar,e. Alimentos fortificados,Hay fecha de vencimiento en la etiqueta de la azúcar morena,binary,,,1;2,,
azuc_morena_fecven_esp,Azuc_morena_fecven_esp,hogar,e. Alimentos fortificados,Fecha de vencimiento de la azúcar morena,numeric_continuous,0,22245,,,bounds inferred from observed range with buffer; requires review
azuc_morena_ing_vita,Azuc_morena_ing_VitA,hogar,e. Alimentos fortificados,Lista de ingredientes de azúcar morena dice fortificada con Vitamina A,factor,,,1;2;3,,
azuc_morena_ing_hierro,Azuc_morena_ing_hierro,hogar,e. Alimentos fortificados,Lista de ingredientes de azúcar morena dice fortificada con Hierro,factor,,,1;2;3,,
azuc_stand,Azuc_stand,hogar,e. Alimentos fortificados,Usan azúcar estándar para endulzar o cocinar,binary,,,1;2,,
azuc_stand_libras,Azuc_stand_libras,hogar,e. Alimentos fortificados,"En general, cuánto compra azúcar estándar en libras",numeric_continuous,0,500,,pounds,
azuc_stand_frec,Azuc_stand_frec,hogar,e. Alimentos fortificados,"En general, cada cuánto compra azúcar estándar en días, semanas, o meses (Ultilizar con Azuc_stand_frec_uni)",numeric_continuous,0,67,,,bounds inferred from observed range with buffer; requires review
azuc_stand_frec_uni,Azuc_stand_frec_uni,hogar,e. Alimentos fortificados,Unidad de frecuencia de compra de azúcar estándar,factor,,,1;2;3,,
azuc_stand_casa,Azuc_stand_casa,hogar,e. Alimentos fortificados,Tiene azúcar estándar en la casa,binary,,,1;2,,
azuc_stand_mostrada,Azuc_stand_mostrada,hogar,e. Alimentos fortificados,Mostró azúcar estándar,binary,,,1;2,,
azuc_stand_marca,Azuc_stand_marca,hogar,e. Alimentos fortificados,Marca de azúcar estándar en la casa,factor,,,1;2;3,,
azuc_stand_marca_esp,Azuc_stand_marca_esp,hogar,e. Alimentos fortificados,"Marca de azúcar estándar en la casa, especificado",factor,,,"CALA REAL;CAÑA REA;CAÑA REA,;CAÑA REAL;DO JUSTO CABAL;DON JUATO CABAL;DON JUSTO;DON JUSTO CABAL;JUSTO CABAL;LA MINTAÑA;LA MONTAÑA;LA MONTAÑLA;LA MONTAÑO;LA MONTAÑS;LA MONTÑA;LA MONTQÑA;SABE MAS",,
azuc_stand_marca_pais,Azuc_stand_marca_pais,hogar,e. Alimentos fortificados,País de origen de azúcar estándar importada en la casa,factor,,,CAÑA REAL;LA MONTAÑA;ZULKA,,
azuc_stand_vita_etiq,Azuc_stand_vitA_etiq,hogar,e. Alimentos fortificados,Etiqueta de azúcar estándar dice fortificada con Vitamina A,factor,,,1;2;3,,
azuc_stand_hierro_etiq,Azuc_stand_hierro_etiq,hogar,e. Alimentos fortificados,Etiqueta de azúcar estándar dice fortificada con Hierro,factor,,,1;2;3,,
azuc_stand_ojo,Azuc_stand_ojo,hogar,e. Alimentos fortificados,Empaque tiene ojo rojo o verde sólo por observación,binary,,,1;3,,
azuc_stand_fecven,Azuc_stand_fecven,hogar,e. Alimentos fortificados,Hay fecha de vencimiento en la etiqueta de la azúcar estándar,factor,,,1;2;3,,
azuc_stand_fecven_esp,Azuc_stand_fecven_esp,hogar,e. Alimentos fortificados,Fecha de vencimiento de la azúcar estándar,numeric_continuous,0,22646,,,bounds inferred from observed range with buffer; requires review
azuc_stand_ing_vita,Azuc_stand_ing_VitA,hogar,e. Alimentos fortificados,Lista de ingredientes de azúcar estándar dice fortificada con Vitamina A,factor,,,1;2;3,,
azuc_stand_ing_hierro,Azuc_stand_ing_hierro,hogar,e. Alimentos fortificados,Lista de ingredientes de azúcar estándar dice fortificada con Hierro,factor,,,1;2;3,,
azuc_blanca,Azuc_blanca,hogar,e. Alimentos fortificados,Usan azúcar blanca para endulzar o cocinar,binary,,,1;2,,
azuc_blanca_libras,Azuc_blanca_libras,hogar,e. Alimentos fortificados,"En general, cuánto compra azúcar blanca en libras",factor,,,1;2;3;5,,
azuc_blanca_frec,Azuc_blanca_frec,hogar,e. Alimentos fortificados,"En general, cada cuánto compra azúcar blanca en días, semanas, o meses (Ultilizar con Azuc_stand_frec_uni)",factor,,,1;2;3;15,,
azuc_blanca_frec_uni,Azuc_blanca_frec_uni,hogar,e. Alimentos fortificados,Unidad de frecuencia de compra de azúcar blanca,factor,,,1;2;3,,
azuc_blanca_casa,Azuc_blanca_casa,hogar,e. Alimentos fortificados,Tiene azúcar blanca en la casa,binary,,,1;2,,
azuc_blanca_mostrada,Azuc_blanca_mostrada,hogar,e. Alimentos fortificados,Mostró azúcar blanca,binary,,,1,,
azuc_blanca_marca,Azuc_blanca_marca,hogar,e. Alimentos fortificados,Marca de azúcar blanca en la casa,binary,,,1;2,,
azuc_blanca_marca_esp,Azuc_blanca_marca_esp,hogar,e. Alimentos fortificados,"Marca de azúcar blanca en la casa, especificado",factor,,,AZÚCAR GLASS;DON JUSTO CABAL;SPLENDA,,
azuc_blanca_marca_pais,Azuc_blanca_marca_pais,hogar,e. Alimentos fortificados,País de origen de azúcar blanca importada en la casa,text,,,,,
azuc_blanca_vita_etiq,Azuc_blanca_vitA_etiq,hogar,e. Alimentos fortificados,Etiqueta de azúcar blanca dice fortificada con Vitamina A,binary,,,1;2,,
azuc_blanca_hierro_etiq,Azuc_blanca_hierro_etiq,hogar,e. Alimentos fortificados,Etiqueta de azúcar blanca dice fortificada con Hierro,binary,,,2;3,,
azuc_blanca_ojo,Azuc_blanca_ojo,hogar,e. Alimentos fortificados,Empaque tiene ojo rojo o verde sólo por observación,binary,,,1;2,,
azuc_blanca_fecven,Azuc_blanca_fecven,hogar,e. Alimentos fortificados,Hay fecha de vencimiento en la etiqueta de la azúcar blanca,binary,,,1;2,,
azuc_blanca_fecven_esp,Azuc_blanca_fecven_esp,hogar,e. Alimentos fortificados,Fecha de vencimiento de la azúcar blanca,binary,,,21731;21854,,
azuc_blanca_ing_vita,Azuc_blanca_ing_VitA,hogar,e. Alimentos fortificados,Lista de ingredientes de azúcar blanca dice fortificada con Vitamina A,binary,,,2;3,,
azuc_blanca_ing_hierro,Azuc_blanca_ing_hierro,hogar,e. Alimentos fortificados,Lista de ingredientes de azúcar blanca dice fortificada con Hierro,binary,,,2;3,,
azuc_panela,Azuc_Panela,hogar,e. Alimentos fortificados,Usan azúcar panela para endulzar o cocinar,binary,,,1;2,,
azuc_mas_usada,Azuc_mas_usada,hogar,e. Alimentos fortificados,Tipo de azúcar que usa más para endulzar o cocinar,factor,,,1;2;3;96,,
azuc_mas_usada_o,Azuc_mas_usada_o,hogar,e. Alimentos fortificados,"Tipo de azúcar que usa más para endulzar o cocinar, otro especificado",factor,,,"EL SEÑOR DIJO QUE NO COMPRA AZUCAR PORQUE COME EN CUALQUIER LADO;ninguna;ninguno;NINGUNO;NO COCINA VIEVE SOLO;No compra azucar, compra sus alimentos ya preparados.;no consume;NO CONSUME AZUCAR;No usa;NO USA;NO USA ES DIABETICA;no usan;no utiliza ningun tipo de azúcar (diabetico);Splenda",,
azuc_muestra_recolecto,Azuc_muestra_recolecto,hogar,e. Alimentos fortificados,Recolectó la muestra azúcar más usada,binary,,,1;2,,
azuc_muestra_etiq,Azuc_muestra_etiq,hogar,e. Alimentos fortificados,Etiqueta de la muestra de azúcar recolectada,text,,,,,
pan_dulce,Pan_dulce,hogar,e. Alimentos fortificados,Consumen pan dulce en su hogar,binary,,,1;2,,
pan_dulce_unidades,Pan_dulce_unidades,hogar,e. Alimentos fortificados,Unidades de pan dulce que compran en general,numeric_continuous,0,179.5,,,bounds inferred from observed range with buffer; requires review
pan_dulce_frec,Pan_dulce_frec,hogar,e. Alimentos fortificados,"Frecuencia de compra de pan dulce en días, semanas, o meses (Ultilizar con Pan_dulce_frec_uni)",numeric_continuous,0,29.5,,,bounds inferred from observed range with buffer; requires review
pan_dulce_frec_uni,Pan_dulce_frec_uni,hogar,e. Alimentos fortificados,Unidad de frecuencia de compra de pan dulce,factor,,,1;2;3,,
pan_dulce_casa,Pan_dulce_casa,hogar,e. Alimentos fortificados,Tiene pan dulce en casa,binary,,,1;2,,
pan_dulce_mostrado,Pan_dulce_mostrado,hogar,e. Alimentos fortificados,Mostró pan dulce,binary,,,1;2,,
pan_dulce_marca,Pan_dulce_marca,hogar,e. Alimentos fortificados,Marca de pan dulce en la casa,binary,,,1;2,,
pan_dulce_marca_esp,Pan_dulce_marca_esp,hogar,e. Alimentos fortificados,"Marca de pan dulce en la casa, especificado",factor,,,ESPIGA DE ORO;LA ESPIGA DE ORO;LOS PORTALES,,
pan_dulce_marca_pais,Pan_dulce_marca_pais,hogar,e. Alimentos fortificados,País de origen de pan dulce importado en la casa,text,,,,,
pan_dulce_hierro_etiq,Pan_dulce_hierro_etiq,hogar,e. Alimentos fortificados,Etiqueta de pan dulce dice fortificado con Hierro,binary,,,2,,
pan_desab,Pan_desab,hogar,e. Alimentos fortificados,Consumen pan desabrido en su hogar,binary,,,1;2,,
pan_desab_unidades,Pan_desab_unidades,hogar,e. Alimentos fortificados,Unidades de pan desabrido que compran en general,numeric_continuous,0,120,,,bounds inferred from observed range with buffer; requires review
pan_desab_frec,Pan_desab_frec,hogar,e. Alimentos fortificados,"Frecuencia de compra de pan desabrido en días, semanas, o meses (Ultilizar con Pan_desab_frec_uni)",numeric_continuous,0,44.5,,,bounds inferred from observed range with buffer; requires review
pan_desab_frec_uni,Pan_desab_frec_uni,hogar,e. Alimentos fortificados,Unidad de frecuencia de compra de pan desabrido,factor,,,1;2;3,,
pan_desab_casa,Pan_desab_casa,hogar,e. Alimentos fortificados,Tiene pan desabrido en casa,binary,,,1;2,,
pan_desab_mostrado,Pan_desab_mostrado,hogar,e. Alimentos fortificados,Mostró pan desabrido,binary,,,1;2,,
pan_desab_marca,Pan_desab_marca,hogar,e. Alimentos fortificados,Marca de pan desabrido en la casa,binary,,,1;2,,
pan_desab_marca_esp,Pan_desab_marca_esp,hogar,e. Alimentos fortificados,"Marca de pan desabrido en la casa, especificado",factor,,,EUROPA;LA ESPUGA DE ORO;PAN EUROPA;SABROPAN;SAN MARTIN,,
pan_desab_marca_pais,Pan_desab_marca_pais,hogar,e. Alimentos fortificados,País de origen de pan desabrido importado en la casa,text,,,,,
pan_desab_hierro_etiq,Pan_desab_hierro_etiq,hogar,e. Alimentos fortificados,Etiqueta de pan desabrido dice fortificado con Hierro,binary,,,1;2,,
harina_maiz,Harina_maiz,hogar,e. Alimentos fortificados,Utilizan harina de maíz,binary,,,1;2,,
harina_maiz_libras,Harina_maiz_libras,hogar,e. Alimentos fortificados,Libras de harina de maíz que compran en general,numeric_continuous,0,500,,pounds,
harina_maiz_frec,Harina_maiz_frec,hogar,e. Alimentos fortificados,"Frecuencia de compra de harina de maíz en días, semanas, o meses (Ultilizar con Harina_maiz_frec_uni)",numeric_continuous,0,67,,,bounds inferred from observed range with buffer; requires review
harina_maiz_frec_uni,Harina_maiz_frec_uni,hogar,e. Alimentos fortificados,Unidad de frecuencia de compra de harina de maíz,factor,,,1;2;3,,
harina_maiz_casa,Harina_maiz_casa,hogar,e. Alimentos fortificados,Tiene harina de maíz en casa,binary,,,1;2,,
harina_maiz_mostrada,Harina_maiz_mostrada,hogar,e. Alimentos fortificados,Mostró harina de maíz,binary,,,1;2,,
harina_maiz_marca,Harina_maiz_marca,hogar,e. Alimentos fortificados,Marca de harina de maíz el la casa,factor,,,1;2;3,,
harina_maiz_marca_esp,Harina_maiz_marca_esp,hogar,e. Alimentos fortificados,"Marca de harina de maíz el la casa, especificada",factor,,,DEL COMAL;DOÑA OLIMPIA;EL COMAL;HARINA DE MAÍZ ZULY;MASECA;ORO MAYA;ORO MAYO;SULI;SULI HARINA DE MAIZ;SULY,,
harina_maiz_marca_pais,Harina_maiz_marca_pais,hogar,e. Alimentos fortificados,País de origen de harina de maíz importada en la casa,factor,,,El COMAL;EL SALVADOR;MASECA;MEXICANA;MEXICO;MEXICOM;SAN SALVADOR;SAN SALVDOR,,
harina_maiz_hierro_etiq,Harina_maiz_hierro_etiq,hogar,e. Alimentos fortificados,Etiqueta de harina de maíz dice fortificada con Hierro,binary,,,1;2,,
nboletahogar,nboletahogar,mujer,a. Información básica,número del cuestionario del hogar,id,,,,,
pesomujer,pesomujer,mujer,a. Información básica,Pesos muestrales para mujeres,numeric_continuous,0,100000,,,survey weights for maternal sample
conglomerado,Conglomerado,mujer,a. Información básica,ID Cartográfica: conglomerado; utiliza para corregir los errores estándares en todos los análisis,numeric_continuous,0,100000000,,id,cluster identifier
feradjwra,FERadjwra,mujer,l. Índices Biológicos,Ferritina sérica (SF) [mcg/L] ajustado por Proteína C reactiva (CRP) y Glicoproteína ácido alfa 1 (AGP) según BRINDA,numeric_continuous,0,2000,,ug/L,
stfradjwra,sTFRadjwra,mujer,l. Índices Biológicos,Receptores solubles de transferrina (sTFR) [mg/L] ajustado por Glicoproteína ácido alfa 1 (AGP) según BRINDA,numeric_continuous,0,50,,mg/L,
fer,FER,mujer,g. Índices biológicos,Ferritina sérica (SF) [mcg/L],numeric_continuous,0,2000,,ug/L,
stfr,STFR,mujer,g. Índices biológicos,Receptores solubles de transferrina (sTFR) [mg/L],numeric_continuous,0,50,,mg/L,
bis,BIS,mujer,g. Índices biológicos,Reservas de Hierro Corporal (BIS) [MG/KG Peso],numeric_continuous,-15,30,,mg/kg,Body Iron Stores; negative legitimate (deficit)
rbp,RBP,mujer,g. Índices biológicos,Proteína fijadora de retinol (RBP) [mcmol/L],numeric_continuous,0,10,,umol/L,
obs_rbp,Obs_RBP,mujer,g. Índices biológicos,Observaciones del analisis de RBP,binary,,,>UDL (6.0),,
crp,CRP,mujer,g. Índices biológicos,Proteína C reactiva (CRP) [mg/L],numeric_continuous,0,300,,mg/L,
obs_crp,Obs_CRP,mujer,g. Índices biológicos,Observaciones del analisis de CRP,binary,,,<LDL (0.05),,
agp,AGP,mujer,g. Índices biológicos,Glicoproteína ácido alfa 1 (AGP) [g/L],numeric_continuous,0,5,,g/L,
boletamujer,BOLETAMUJER,mujer,a. Información básica,número del cuestionaro de la mujer,id,,,,,
notabletam,NOTABLETAM,mujer,a. Información básica,número de la tableta,id,,,,,
niveleducativomadre,NivelEducativoMadre,mujer,b. Characterísticas generales,Nivel educativo de la madre,factor,,,0-Ninguno;1-Primaria;2-Secundaria;3-Superior/universitaria;4-Alfabetización,,
alturaindmujer,ALTURAINDMUJER,mujer,l. Índices Biológicos,Altura de la vivienda (metros sobre nivel del mar),numeric_continuous,0,4500,,m,altitude m above sea level
tiroglobulina_ng_ml,Tiroglobulina_ng_ml,mujer,l. Índices Biológicos,Tiroglobulina (ng/ml),numeric_continuous,0,1000,,ng/mL,
obs_tiroglobulina,Obs_tiroglobulina,mujer,l. Índices Biológicos,Observaciones del analyisis de tiroglobulina,binary,,,<0.004,,
hba1c,HbA1c,mujer,l. Índices Biológicos,Hemoglobina Glicosilada (%),numeric_continuous,0,18.9,,,bounds inferred from observed range with buffer; requires review
obs_hba1c,Obs_HbA1c,mujer,l. Índices Biológicos,Observaciones del analisis de HbA1c,factor,,,">14.0 %;etiqueta tubo #3017 y corregido por #6017;etiqueta tubo #3020 y corregido por #6020;etiqueta tubo #3022 y corregido por #6022;etiqueta tubo #3023 y corregido por #6023;etiqueta tubo #3025 y corregido por #6025;etiqueta tubo #3026 y corregido por #6026;etiqueta tubo #3027 y corregido por #6027;etiqueta tubo #3030 y corregido por #6030;Valor muy alto, se repitió 3 veces;Valor muy alto, se repitió 3 veces.",,
yodo_mcg_l,Yodo_mcg_L,mujer,l. Índices Biológicos,Yodo en orina de la mujer (mcg/L),numeric_continuous,0,5000,,ug/L,iodine in urine
obs_yodo_orina,Obs_yodo_orina,mujer,l. Índices Biológicos,Observaciones del analisis de yodo en orina,factor,,,"Mujer embarazada;Mujer embarazada, <10.0;Mujer en edad fértil;Mujer en edad fértil, <10.0",,
brc_def_fer_muj,brc_DEF_FER_muj,mujer,l. Índices Biológicos,Ferritina Baja(<15 mcg/L)-corregida por inflamación según BRINDA,binary,,,No;Si,,
def_fer_muj,DEF_FER_MUJ,mujer,l. Índices Biológicos,Ferritina Baja(<15 mcg/L) - no corregida por inflamación,binary,,,No;Si,,
elevtfr_brc,elevTFR_BRC,mujer,g. Índices biológicos,Receptores solubles de Transferrina [sTfR] Elevada (>8.3 mg/L)-corregida por inflamación segun BRINDA,binary,,,No;Si,,
elevtfr,elevTFR,mujer,g. Índices biológicos,Receptores solubles de Transferrina [sTfR] Elevada(>8.3 mg/L)-no corregida por inflamación,binary,,,No;Si,,
nlinea,NLINEA,mujer,a. Información básica,número de línea (A029 de cuestionario de hogar),id,,,,,
fecha_entrevista,fecha_entrevista,mujer,a. Información básica,Fecha de la entrevista,numeric_continuous,0,22148.5,,,bounds inferred from observed range with buffer; requires review
resultado_entrevista1,Resultado_entrevista1,mujer,a. Información básica,"Resultado de la primera entrevista (completa, parcial, etc), utilizado para determinar la proporción de encuestados",factor,,,1;2;3;5,,
resultado_entrevista_otro1,Resultado_entrevista_otro1,mujer,a. Información básica,Otro resultado de la primera visita,text,,,,,
resultado_entrevista2,Resultado_entrevista2,mujer,a. Información básica,"Resultado de la segunda entrevista (completa, parcial, etc), utilizado para determinar la proporción de encuestados",factor,,,1;2;3;5,,
resultado_entrevista_otro2,Resultado_entrevista_otro2,mujer,a. Información básica,Otro resultado de la segunda visita,text,,,,,
resultado_entrevista3,Resultado_entrevista3,mujer,a. Información básica,"Resultado de la tercera entrevista (completa, parcial, etc), utilizado para determinar la proporción de encuestados",binary,,,1;5,,
resultado_entrevista_otro3,Resultado_entrevista_otro3,mujer,a. Información básica,Otro resultado de la tercera visita,text,,,,,
idioma_entrevista,Idioma_entrevista,mujer,a. Información básica,Idioma de la entrevista,factor,,,1;3;4;5;8;11;96,,
uso_interprete,Uso_interprete,mujer,a. Información básica,Usó un interprete: Sí o No,binary,,,1;2,,
idioma_materno,Idioma_materno,mujer,a. Información básica,El idioma materno del encuestado,factor,,,01;02;03;04;05;07;08;11;12;13;14;96,,
idioma_materno_otro,Idioma_materno_otro,mujer,a. Información básica,"Otro idioma materno del encuestado, especificado",factor,,,Achi;ACHI;AXI;chuj;Chuj;CHUJ;CHUJ COATANECO;Cuataneco,,
grupo_edad_mujer,Grupo_edad_mujer,mujer,b. Characterísticas generales,Grupos de edad de la madre,factor,,,1;2;3;4,,
edad_mujer,Edad_mujer,mujer,b. Characterísticas generales,Edad (años) de la madre,numeric_integer,10,60,,years,
grupoetnico,GrupoEtnico,mujer,b. Characterísticas generales,"Grupo étnico del niño: Indígena o no indígena, por observación del entrevistador",binary,,,Indígena;No indíg,,
grupoetnico_otro,GrupoEtnico_otro,mujer,b. Characterísticas generales,"Grupo étnico del niño: otro especificado, por observación del entrevistador",text,,,,,
grupoetnico_reportado,GrupoEtnico_reportado,mujer,b. Characterísticas generales,"Grupo étnico del niño: Indígena o no indígena, reportado de la madre",binary,,,Indígena;No indíg,,
grupoetnico_reportado_otro,GrupoEtnico_reportado_otro,mujer,b. Characterísticas generales,"Grupo étnico del niño: otro especificado, reportado de la madre",factor,,,maya;mestiza;MESTIZA;mestizo;MESTIZO;mestizos;no sabe;No Sabe;NO SABE;XINCA,,
embarazada_lactante,Embarazada_lactante,mujer,b. Characterísticas generales,"Estado fisiológico de la madre (embarazada, lactancia, no embarazada ni lactante, o no aplica)",factor,,,1;2;3,,
asistido_escuela_vez,Asistido_escuela_vez,mujer,b. Characterísticas generales,La madre ha asistido alguna vez a la escuela,binary,,,1;2,,
estudiando_actual,Estudiando_actual,mujer,b. Characterísticas generales,La madre está estudiando actualmente,binary,,,1;2,,
grado_estudio,Grado_estudio,mujer,b. Characterísticas generales,Último año de estudios que ganó,factor,,,0;1;2;3;4;5;6;7,,
alim_grano,Alim_grano,mujer,d. Alimentación,"Alimentos que le dio al niño ayer: Cereales, pan, tortilla, arroz, pasta u otra comida hecha de granos",binary,,,1;2,,
alim_tuberculo,Alim_tuberculo,mujer,d. Alimentación,"Alimentos que le dio al niño ayer: Papas blancas, yuca, malanga, ichintal u otra verdura que sea raíz",factor,,,1;2;88,,
alim_leguminosa,Alim_leguminosa,mujer,c. Dieta,"Alimentos que la madre comió ayer: Frijoles, arvejas, habas, o lentejas",factor,,,1;2;88;98,,
alim_nuez,Alim_nuez,mujer,c. Dieta,Alimentos que la madre comió ayer: Nueces o semillas,factor,,,1;2;88,,
alim_prod_lacteo,Alim_prod_lacteo,mujer,d. Alimentación,"Alimentos que le dio al niño ayer: Queso, crema, yogurt u otro producto derivado de la leche",factor,,,1;2;88,,
alim_viscera,Alim_viscera,mujer,c. Dieta,"Alimentos que la madre comió ayer: Hígado, riñón, corazón u otras vísceras",factor,,,1;2;88,,
alim_carne,Alim_carne,mujer,d. Alimentación,"Alimentos que le dio al niño ayer: Cualquier carne como res, cerdo, pollo, cordero, cabra, carnes de monte o pato",binary,,,1;2,,
alim_pescado,Alim_pescado,mujer,d. Alimentación,"Alimentos que le dio al niño ayer: Pescado fresco o seco, mariscos o conchas",factor,,,1;2;88,,
alim_huevo,Alim_huevo,mujer,d. Alimentación,Alimentos que le dio al niño ayer: Huevos,factor,,,1;2;88,,
alim_verdeoscuro,Alim_verdeoscuro,mujer,d. Alimentación,"Alimentos que le dio al niño ayer: Hojas/hierbas color verde oscuro como macuy, bledo, espinacas, o acelga",factor,,,1;2;88,,
alim_verdura_amarilla,Alim_verdura_amarilla,mujer,d. Alimentación,"Alimentos que le dio al niño ayer: Güicoy sazón, ayote, zanahoria, camote u otra verdura amarilla/anaranjada",factor,,,1;2;88,,
alim_fruta_anaranjada,Alim_fruta_anaranjada,mujer,d. Alimentación,"Alimentos que le dio al niño ayer: Mango maduro, papaya o mamey",factor,,,1;2;88,,
alim_otra_v,Alim_otra_v,mujer,c. Dieta,Alimentos que la madre comió ayer: Alguna otra verdura,factor,,,1;2;88;98,,
alim_otra_f,Alim_otra_f,mujer,c. Dieta,Alimentos que la madre comió ayer: Alguna otra fruta,binary,,,1;2,,
alim_insectos,Alim_insectos,mujer,d. Alimentación,"Alimentos que le dio al niño ayer: Larvas, insectos o caracoles",factor,,,1;2;88,,
alim_aceite_palma,Alim_aceite_palma,mujer,d. Alimentación,Alimentos que le dio al niño ayer: Comidas hechas con aceite de palma,factor,,,1;2;88;98,,
alim_aceite,Alim_aceite,mujer,d. Alimentación,"Alimentos que le dio al niño ayer: Comidas hechas con aceite, manteca, mantequilla o mayonesa",factor,,,1;2;88;98,,
alim_snacks,Alim_snacks,mujer,c. Dieta,"Alimentos que la madre comió ayer: ""Snacks"" salados y fritos (""papalinas"", papas fritas, masa frita, chicharrones, u otros ""snacks"" fritos), comida ""chatarra""",factor,,,1;2;88,,
alim_dulce,Alim_dulce,mujer,d. Alimentación,"Alimentos que le dio al niño ayer: Comidas dulces como chocolate, dulces, pastel o galletas",factor,,,1;2;88,,
alim_beb_azucar,Alim_beb_azucar,mujer,c. Dieta,"Alimentos que la madre tomó ayer: Bebidas azucaradas (jugos de fruta con azúcar agregada, gaseosas, bebidas de chocolate y malta, bebidas de yogurt, café o té con azúcar)",factor,,,1;2;88,,
alim_condimentos,Alim_condimentos,mujer,d. Alimentación,"Alimentos que le dio al niño ayer: Condimentos: chiles, especies, hierbas, kétchup, mostaza o pasta de tomate",factor,,,1;2;88;98,,
alim_cafe_aceitunas,Alim_cafe_aceitunas,mujer,c. Dieta,"Alimentos que la madre tomó ayer: Otras bebidas y comida (té o café sin azúcar, alcohol, consomé claro preparado, aceitunas, pepinillos o similar)",factor,,,1;2;88;98,,
alim_sopas_consome,Alim_sopas_consome,mujer,c. Dieta,"Alimentos que la madre comió ayer: Sopas (instantánea y de sobre) o Consomés de bote, sobre o cubito",factor,,,1;2;88;98,,
granos_raic_tuber_g1,granos_raic_tuber_g1,mujer,d. Alimentación,"Ninos Grupo 1-Granos, raices, tuberculos",binary,,,0;1,,
legum_nueces_g2,legum_nueces_g2,mujer,d. Alimentación,"Ninos Grupo 2-Leguminosas, nueces",binary,,,0;1,,
lacteos_g3,lacteos_g3,mujer,d. Alimentación,Ninos Grupo 3-Lacteos,binary,,,0;1,,
visceras_g4,visceras_g4,mujer,c. Dieta,"Puntuación de diversidad de dieta de mujeres, grupo 4: Hígado, riñon, corazón, y otras vísceras",binary,,,0;1,,
huevos_g5,huevos_g5,mujer,d. Alimentación,Ninos Grupo 5-Huevos,binary,,,0;1,,
todascarnes_g6,todasCarnes_g6,mujer,c. Dieta,"Puntuación de diversidad de dieta de mujeres, grupo 6: Carnes como res, cerdo, cordero, cabra, pollo, o pato",binary,,,0;1,,
fruta_vita_g7,fruta_vitA_g7,mujer,c. Dieta,"Puntuación de diversidad de dieta de mujeres, grupo 7: Frutas anaranjadas o amarillas",binary,,,0;1,,
veg_vita_g8,veg_vitA_g8,mujer,c. Dieta,"Puntuación de diversidad de dieta de mujeres, grupo 8: Verduras anaranjadas o amarillas",binary,,,0;1,,
otroveg_frutas_g9,otroveg_frutas_g9,mujer,c. Dieta,"Puntuación de diversidad de dieta de mujeres, grupo 9: Otras frutas o verduras",binary,,,0;1,,
alcohol_cualquier_dias,alcohol_cualquier_dias,mujer,c. Dieta,"En los últimos 30 días, ¿cuántos días por semana o por mes bebió al menos un trago de cualquier bebida alcohólica (licor) como cerveza, vino, ron?",factor,,,0;1;2;3;4;5;7;15,,
alcohol_num_tragos,alcohol_num_tragos,mujer,c. Dieta,"En los últimos 30 días, en los días que tomó, ¿aproximadamente cuántos tragos toma normalmente cada vez?",numeric_continuous,0,100,,drinks,
alcohol_veces_4omas,alcohol_veces_4omas,mujer,c. Dieta,"Tomando en cuenta todos los tipos de bebidas alcohólicas (tragos), ¿cuántas veces en los últimos 30 días usted tomó 4 tragos o más por vez",factor,,,0;1;2;3;4;6;10,,
alcohol_max_tragos,alcohol_max_tragos,mujer,c. Dieta,"En los últimos 30 días, en los días que tomó, ¿cuál fue la máxima cantidad de tragos que bebió en una sola vez?",numeric_continuous,0,100,,drinks,
fortif_pdulce,Fortif_pdulce,mujer,e. Alimentos Fortificados,"Ayer consumió pan dulce de manteca o tostado: 1=Sí, 2=No, 3=No consumen, 4=NS/NR",factor,,,1;2;88,,
fortif_pdulce_dias,Fortif_pdulce_dias,mujer,e. Alimentos Fortificados,número de días durante los últimos 7 que consumió pan dulce (9=No sabe),factor,,,1;2;3;4;5;6;7,,
fortif_pdulce_veces,Fortif_pdulce_veces,mujer,e. Alimentos Fortificados,número de veces por día durante los últimos 7 que consumió pan dulce,factor,,,1;2;3;4;5;6;7,,
fortif_pan,Fortif_pan,mujer,e. Alimentos Fortificados,"Ayer consumió pan desabrido: 1=Sí, 2=No, 3=No consumen, 4=NS/NR",factor,,,1;2;88,,
fortif_pan_dias,Fortif_pan_dias,mujer,e. Alimentos Fortificados,número de días durante los últimos 7 que consumió pan desabrido (9=No sabe),factor,,,1;2;3;4;5;6;7,,
fortif_pan_veces,Fortif_pan_veces,mujer,e. Alimentos Fortificados,número de veces por día durante los últimos 7 que consumió pan desabrido,factor,,,1;2;3;4;5;7,,
fortif_harina_trig,Fortif_harina_trig,mujer,e. Alimentos Fortificados,"Ayer consumió alimentos preparados en casa de harina de trigo: 1=Sí, 2=No, 3=No consumen, 4=NS/NR",factor,,,1;2;88,,
fortif_harina_trig_dias,Fortif_harina_trig_dias,mujer,e. Alimentos Fortificados,número de días durante los últimos 7 que consumió harina de trigo (9=No sabe),factor,,,1;2;3;4;5;6;7,,
fortif_harina_trig_veces,Fortif_harina_trig_veces,mujer,e. Alimentos Fortificados,número de veces por día durante los últimos 7 que consumió harina de trigo,factor,,,1;2;3;4,,
fortif_harina_maiz,Fortif_harina_maiz,mujer,e. Alimentos Fortificados,"Ayer consumió alimentos preparados en casa de harina de maíz: 1=Sí, 2=No, 3=No consumen, 4=NS/NR",factor,,,1;2;88,,
fortif_harina_maiz_dias,Fortif_harina_maiz_dias,mujer,e. Alimentos Fortificados,número de días durante los últimos 7 que consumió harina de maíz (9=No sabe),factor,,,1;2;3;4;5;6;7,,
fortif_harina_maiz_veces,Fortif_harina_maiz_veces,mujer,e. Alimentos Fortificados,número de veces por día durante los últimos 7 que consumió harina de maíz,factor,,,1;2;3;5;12,,
fortif_jugo_enlatado,Fortif_jugo_enlatado,mujer,e. Alimentos Fortificados,"Ayer consumió jugos envasadas o enlatadas: 1=Sí, 2=No, 3=No consumen, 4=NS/NR",factor,,,1;2;88,,
fortif_jugo_enlatado_dias,Fortif_jugo_enlatado_dias,mujer,e. Alimentos Fortificados,número de días durante los últimos 7 que consumió jugos envasadas o enlatadas (9=No sabe),factor,,,1;2;3;4;5;6;7,,
fortif_jugo_enlatado_veces,Fortif_jugo_enlatado_veces,mujer,e. Alimentos Fortificados,número de veces por día durante los últimos 7 que consumió jugos envasadas o enlatadas,factor,,,0;1;2;3;4;7,,
fortif_refresco_azucar,Fortif_refresco_azucar,mujer,e. Alimentos Fortificados,"Ayer consumió refresco preparado en casa con azúcar incorporada: 1=Sí, 2=No, 3=No consumen, 4=NS/NR",factor,,,1;2;88,,
fortif_refresco_azucar_dias,Fortif_refresco_azucar_dias,mujer,e. Alimentos Fortificados,número de días durante los últimos 7 que consumió refresco preparado en casa con azúcar incorporada (9=No sabe),factor,,,1;2;3;4;5;6;7,,
fortif_refresco_azucar_veces,Fortif_refresco_azucar_veces,mujer,e. Alimentos Fortificados,número de veces por día durante los últimos 7 que consumió refresco preparado en casa con azúcar incorporada,factor,,,0;1;2;3;4;5;6,,
fortif_azucar_morena,Fortif_azucar_morena,mujer,e. Alimentos Fortificados,"Ayer consumió azúcar morena: 1=Sí, 2=No, 3=No consumen, 4=NS/NR",factor,,,1;2;88,,
fortif_azucar_morena_dias,Fortif_azucar_morena_dias,mujer,e. Alimentos Fortificados,número de días durante los últimos 7 que consumió azúcar morena (9=No sabe),factor,,,1;2;3;4;5;6;7,,
fortif_azucar_morena_veces,Fortif_azucar_morena_veces,mujer,e. Alimentos Fortificados,número de veces por día durante los últimos 7 que consumió azúcar morena,factor,,,1;2;3;4;5,,
fortif_azucar_estandar,Fortif_azucar_estandar,mujer,e. Alimentos Fortificados,"Ayer consumió azúcar estandar: 1=Sí, 2=No, 3=No consumen, 4=NS/NR",factor,,,1;2;88,,
fortif_azucar_estandar_dias,Fortif_azucar_estandar_dias,mujer,e. Alimentos Fortificados,número de días durante los últimos 7 que consumió azúcar estandar (9=No sabe),factor,,,1;2;3;4;5;6;7,,
fortif_azucar_estandar_veces,Fortif_azucar_estandar_veces,mujer,e. Alimentos Fortificados,número de veces por día durante los últimos 7 que consumió azúcar estandar,factor,,,1;2;3;4;5;6;7;9,,
fortif_azucar_blanca,Fortif_azucar_blanca,mujer,e. Alimentos Fortificados,"Ayer consumió azúcar blanca: 1=Sí, 2=No, 3=No consumen, 4=NS/NR",factor,,,1;2;88,,
fortif_azucar_blanca_dias,Fortif_azucar_blanca_dias,mujer,e. Alimentos Fortificados,número de días durante los últimos 7 que consumió azúcar blanca (9=No sabe),factor,,,2;3;7,,
fortif_azucar_blanca_veces,Fortif_azucar_blanca_veces,mujer,e. Alimentos Fortificados,número de veces por día durante los últimos 7 que consumió azúcar blanca,factor,,,1;2;3,,
fortif_sal_gruesa,Fortif_sal_gruesa,mujer,e. Alimentos Fortificados,"Ayer consumió sal gruesa: 1=Sí, 2=No, 3=No consumen, 4=NS/NR",factor,,,1;2;88;98,,
fortif_sal_gruesa_dias,Fortif_sal_gruesa_dias,mujer,e. Alimentos Fortificados,número de días durante los últimos 7 que consumió sal gruesa (9=No sabe),factor,,,1;2;3;4;5;6;7,,
fortif_sal_gruesa_veces,Fortif_sal_gruesa_veces,mujer,e. Alimentos Fortificados,número de veces por día durante los últimos 7 que consumió sal gruesa,factor,,,0;1;2;3;4;5;6;7,,
fortif_sal_fina,Fortif_sal_fina,mujer,e. Alimentos Fortificados,"Ayer consumió sal fina: 1=Sí, 2=No, 3=No consumen, 4=NS/NR",factor,,,1;2;88;98,,
fortif_sal_fina_dias,Fortif_sal_fina_dias,mujer,e. Alimentos Fortificados,número de días durante los últimos 7 que consumió sal fina (9=No sabe),factor,,,1;2;3;4;5;6;7,,
fortif_sal_fina_veces,Fortif_sal_fina_veces,mujer,e. Alimentos Fortificados,número de veces por día durante los últimos 7 que consumió sal fina,factor,,,1;2;3;4;6;7,,
fortif_sal_ganado,Fortif_sal_ganado,mujer,e. Alimentos Fortificados,"Ayer consumió sal para ganados [animales]: 1=Sí, 2=No, 3=No consumen, 4=NS/NR",factor,,,1;2;88,,
fortif_sal_ganado_dias,Fortif_sal_ganado_dias,mujer,e. Alimentos Fortificados,número de días durante los últimos 7 que consumió sal para ganados [animales] (9=No sabe),binary,,,7,,
fortif_sal_ganado_veces,Fortif_sal_ganado_veces,mujer,e. Alimentos Fortificados,número de veces por día durante los últimos 7 que consumió sal para ganados [animales],factor,,,1;2;3;4,,
fortif_incaparina,Fortif_incaparina,mujer,e. Alimentos Fortificados,"Ayer consumió atol de Incaparina o comidas preparadas con Incaparina: 1=Sí, 2=No, 3=No consumen, 4=NS/NR",factor,,,1;2;88,,
fortif_incaparina_dias,Fortif_incaparina_dias,mujer,e. Alimentos Fortificados,número de días durante los últimos 7 que consumió atol de Incaparina o comidas preparadas con Incaparina (9=No sabe),factor,,,1;2;3;4;5;6;7,,
fortif_incaparina_veces,Fortif_incaparina_veces,mujer,e. Alimentos Fortificados,número de veces por día durante los últimos 7 que consumió atol de Incaparina o comidas preparadas con Incaparina,factor,,,1;2;3;4;5;6;7,,
fortif_vitacereal,Fortif_vitacereal,mujer,e. Alimentos Fortificados,"Ayer consumió Vitacereal o comidas preparadas con Vitacereal: 1=Sí, 2=No, 3=No consumen, 4=NS/NR",factor,,,1;2;88;98,,
fortif_vitacereal_dias,Fortif_vitacereal_dias,mujer,e. Alimentos Fortificados,número de días durante los últimos 7 que consumió Vitacereal o comidas preparadas con Vitacereal (9=No sabe),factor,,,1;2;3;4;5;6;7,,
fortif_vitacereal_veces,Fortif_vitacereal_veces,mujer,e. Alimentos Fortificados,número de veces por día durante los últimos 7 que consumió Vitacereal o comidas preparadas con Vitacereal,factor,,,1;2;3;4;5,,
embarazo_plan_zika,Embarazo_plan_Zika,mujer,e. Historia de Embarazos,"¿En los últimos 12 meses, afectó la enfermedad de Zika sus planes para quedar embarazada?",factor,,,1;2;98;99,,
embarazo_actual,Embarazo_actual,mujer,e. Historia de Embarazos,La madre está embarazada actualmente,factor,,,1;2;98,,
embarazo_prev_zika,Embarazo_prev_Zika,mujer,e. Historia de Embarazos,¿Le ha hablado la persona que la está atendiendo por su embarazo sobre cómo prevenir la infección por Zika durante su embarazo?,factor,,,1;2;98;99,,
embarazo_queria,Embarazo_queria,mujer,e. Historia de Embarazos,La madre embarazada quería quedar embarazada,factor,,,1;2;3;98,,
embarazo_afecto_zika,Embarazo_afecto_Zika,mujer,e. Historia de Embarazos,¿Afectó la posibilidad de tener infección por Zika su deseo de esperar o de no quedar embarazada?,factor,,,1;2;98,,
embarazo_primer,Embarazo_primer,mujer,e. Historia de Embarazos,Es su primer embarazo de la madre,binary,,,1;2,,
embarazo_vez,Embarazo_vez,mujer,e. Historia de Embarazos,La mujer ha estado embarazada alguna vez,binary,,,1;2,,
hijos_cuantos_casa,Hijos_cuantos_casa,mujer,e. Historia de Embarazos,Cuántos hijos (masculinos) viven actualmente con la madre en la casa,factor,,,0;1;2;3;4;5;6;7,,
hijas_cuantas_casa,Hijas_cuantas_casa,mujer,e. Historia de Embarazos,Cuántos hijas viven actualmente con la madre en la casa,factor,,,0;1;2;3;4;5;6;7,,
hijos_total_casa,Hijos_total_casa,mujer,e. Historia de Embarazos,Cuántos hijos (en total) viven actualmente con la madre en la casa,numeric_continuous,0,16.5,,,bounds inferred from observed range with buffer; requires review
hijos_cuantos_fuera,Hijos_cuantos_fuera,mujer,e. Historia de Embarazos,Cuántos hijos (masculinos) de la madre que actualmente están viven viven fuera de la casa,factor,,,0;1;2;3;4,,
hijas_cuantas_fuera,Hijas_cuantas_fuera,mujer,e. Historia de Embarazos,Cuántos hijas de la madre que actualmente están viven viven fuera de la casa,factor,,,0;1;2;3;4;5,,
hijos_total_fuera,Hijos_total_fuera,mujer,e. Historia de Embarazos,Cuántos hijos (en total) de la madre que actualmente están viven viven fuera de la casa,factor,,,0;1;2;3;4;5;6,,
hijos_murieron,Hijos_murieron,mujer,e. Historia de Embarazos,La madre tuvo hijos que nacieron vivos y que murieron,binary,,,1;2,,
hijos_murieron_cuantos,Hijos_murieron_cuantos,mujer,e. Historia de Embarazos,Cuántos de sus hijos (masculinos) que nacieron vivos han muerto,factor,,,0;1;2;3,,
hijas_murieron_cuantas,Hijas_murieron_cuantas,mujer,e. Historia de Embarazos,Cuántas de sus hijas que nacieron vivos han muerto,factor,,,0;1;2;3,,
hijos_murieron_total,Hijos_murieron_total,mujer,e. Historia de Embarazos,Cuántos de sus hijos y cuántas de sus hijas (en total) que nacieron vivos han muerto,factor,,,0;1;2;3;4;5,,
hijos_mortinato,Hijos_mortinato,mujer,e. Historia de Embarazos,La madre tuvo hijos/as que nacieron muertos después de que tuviera seis meses de embarazo (mortinato),binary,,,1;2,,
hijos_mortinato_total,Hijos_mortinato_total,mujer,e. Historia de Embarazos,Número de morinatos que tuvo la madre,factor,,,0;1;2;3;6,,
numero_mes_ult_mortinato,numero_mes_ult_mortinato,mujer,e. Historia de Embarazos,Número de meses desde su último mortinato de la madre,numeric_integer,-968,352,,count,
numero_mes_pen_mortinato,numero_mes_pen_mortinato,mujer,e. Historia de Embarazos,Número de meses desde su penúltimo mortinato de la madre,factor,,,40;348;360,,
hijos_aborto,Hijos_aborto,mujer,e. Historia de Embarazos,La madre ha perdido algún hijo antes de que tuviera seis meses de embarazo,binary,,,1;2,,
hijos_aborto_cuantos,Hijos_aborto_cuantos,mujer,e. Historia de Embarazos,Cuántos abortos la madre ha tenido,factor,,,1;2;3;4;5;9,,
hijos_total_nacidos,Hijos_total_nacidos,mujer,e. Historia de Embarazos,Total de hijos nacidos,numeric_continuous,0,18,,,bounds inferred from observed range with buffer; requires review
hijo_edad1,Hijo_edad1,mujer,e. Historia de Embarazos,Edad de hijo 1 vivo en años,numeric_continuous,0,24.900000000000002,,,bounds inferred from observed range with buffer; requires review
hijo_edad2,Hijo_edad2,mujer,e. Historia de Embarazos,Edad de hijo 2 vivo en años,numeric_continuous,0,24,,,bounds inferred from observed range with buffer; requires review
hijo_edad3,Hijo_edad3,mujer,e. Historia de Embarazos,Edad de hijo 3 vivo en años,numeric_continuous,0,25.450000000000003,,,bounds inferred from observed range with buffer; requires review
hijo_edad4,Hijo_edad4,mujer,e. Historia de Embarazos,Edad de hijo 4 vivo en años,numeric_continuous,0,22.35,,,bounds inferred from observed range with buffer; requires review
hijo_edad5,Hijo_edad5,mujer,e. Historia de Embarazos,Edad de hijo 5 vivo en años,numeric_continuous,0,20.799999999999997,,,bounds inferred from observed range with buffer; requires review
hijo_edad6,Hijo_edad6,mujer,e. Historia de Embarazos,Edad de hijo 6 vivo en años,numeric_continuous,0,22,,,bounds inferred from observed range with buffer; requires review
hijo_edad7,Hijo_edad7,mujer,e. Historia de Embarazos,Edad de hijo 7 vivo en años,factor,,,5.5;14.3;14.5;15.2,,
hijo_sexo1,Hijo_sexo1,mujer,e. Historia de Embarazos,Sexo de hijo 1,factor,,,.;1;2,,
hijo_sexo2,Hijo_sexo2,mujer,e. Historia de Embarazos,Sexo de hijo 2,factor,,,.;1;2,,
hijo_sexo3,Hijo_sexo3,mujer,e. Historia de Embarazos,Sexo de hijo 3,factor,,,.;1;2,,
hijo_sexo4,Hijo_sexo4,mujer,e. Historia de Embarazos,Sexo de hijo 4,factor,,,.;1;2,,
hijo_sexo5,Hijo_sexo5,mujer,e. Historia de Embarazos,Sexo de hijo 5,factor,,,.;1;2,,
hijo_sexo6,Hijo_sexo6,mujer,e. Historia de Embarazos,Sexo de hijo 6,factor,,,.;1;2,,
hijo_sexo7,Hijo_sexo7,mujer,e. Historia de Embarazos,Sexo de hijo 7,factor,,,.;1;2,,
hijo_vivo1,Hijo_Vivo1,mujer,e. Historia de Embarazos,El niño 1 está vivo,factor,,,.;1;2,,
hijo_vivo2,Hijo_Vivo2,mujer,e. Historia de Embarazos,El niño 2 está vivo,factor,,,.;1;2,,
hijo_vivo3,Hijo_Vivo3,mujer,e. Historia de Embarazos,El niño 3 está vivo,factor,,,.;1;2,,
hijo_vivo4,Hijo_Vivo4,mujer,e. Historia de Embarazos,El niño 4 está vivo,factor,,,.;1;2,,
hijo_vivo5,Hijo_Vivo5,mujer,e. Historia de Embarazos,El niño 5 está vivo,factor,,,.;1;2,,
hijo_vivo6,Hijo_Vivo6,mujer,e. Historia de Embarazos,El niño 6 está vivo,binary,,,.;1,,
hijo_vivo7,Hijo_Vivo7,mujer,e. Historia de Embarazos,El niño 7 está vivo,binary,,,.;1,,
hijo_edad_murio1,Hijo_edad_murio1,mujer,e. Historia de Embarazos,"Edad del niño 1 cuando se murió en días, meses, o años (Utilizar con Hijo_murio_unidad1)",numeric_continuous,0,69,,,bounds inferred from observed range with buffer; requires review
hijo_edad_murio2,Hijo_edad_murio2,mujer,e. Historia de Embarazos,"Edad del niño 2 cuando se murió en días, meses, o años (Utilizar con Hijo_murio_unidad2)",numeric_continuous,0,52.5,,,bounds inferred from observed range with buffer; requires review
hijo_edad_murio3,Hijo_edad_murio3,mujer,e. Historia de Embarazos,"Edad del niño 3 cuando se murió en días, meses, o años (Utilizar con Hijo_murio_unidad3)",numeric_continuous,0,42,,,bounds inferred from observed range with buffer; requires review
hijo_edad_murio4,Hijo_edad_murio4,mujer,e. Historia de Embarazos,"Edad del niño 4 cuando se murió en días, meses, o años (Utilizar con Hijo_murio_unidad4)",factor,,,0;1;2;3;5;8;11;12;18,,
hijo_edad_murio5,Hijo_edad_murio5,mujer,e. Historia de Embarazos,"Edad del niño 5 cuando se murió en días, meses, o años (Utilizar con Hijo_murio_unidad5)",binary,,,8,,
hijo_murio_unidad1,Hijo_murio_unidad1,mujer,e. Historia de Embarazos,Unidad de edad del niño 1 cuando se murió,factor,,,.;1;2;3;4,,
hijo_murio_unidad2,Hijo_murio_unidad2,mujer,e. Historia de Embarazos,Unidad de edad del niño 2 cuando se murió,factor,,,.;1;2;3;4,,
hijo_murio_unidad3,Hijo_murio_unidad3,mujer,e. Historia de Embarazos,Unidad de edad del niño 3 cuando se murió,factor,,,.;1;2;3;4,,
hijo_murio_unidad4,Hijo_murio_unidad4,mujer,e. Historia de Embarazos,Unidad de edad del niño 4 cuando se murió,factor,,,.;1;3;4,,
hijo_murio_unidad5,Hijo_murio_unidad5,mujer,e. Historia de Embarazos,Unidad de edad del niño 5 cuando se murió,binary,,,.;1,,
edad_primer_nacimiento,Edad_primer_nacimiento,mujer,e. Historia de Embarazos,Edad de la madre cuando se dio la luz por la primera vez (primer nacimiento),numeric_integer,0,98,,years,
hijo_menor5an_filtro,Hijo_menor5an_filtro,mujer,f. Salud Materna,Tiene un hijo menor de 5 años (filtro para la siguientes preguntas),binary,,,1;2,,
hijos_menor5an_cuantos,Hijos_menor5an_cuantos,mujer,f. Salud Materna,Número de hijos vivos menores de 5 años,factor,,,0;1;2;3;23,,
ult_nac_nlinea,Ult_nac_Nlinea,mujer,f. Salud Materna,Número de línea del niño que fue el último nacido vivo,id,,,,,
ult_nac_vivo,Ult_nac_vivo,mujer,f. Salud Materna,El último niño nacido está vivo,binary,,,1;2,,
ult_nac_queria,Ult_nac_queria,mujer,f. Salud Materna,"Cuando quedó embarazada la madre quería tener el último hijo entonces, esperar más tiempo, o no quería más hijos",factor,,,1;2;3,,
ult_nac_escuchar_vientre,Ult_nac_escuchar_vientre,mujer,f. Salud Materna,"En su último embarazo, creyó que el bebé podía escucharla y sentirla desde su vientre",factor,,,1;2;98,,
ult_nac_comunic_vientre,Ult_nac_comunic_vientre,mujer,f. Salud Materna,"En su último embarazo, creyó que era importante tener una comunicación con su hijo desde ese momento",factor,,,1;2;98,,
ult_nac_control,Ult_nac_control,mujer,f. Salud Materna,Tuvo algún control prenatal cuando estaba embarazada de su último hijo,binary,,,1;2,,
ult_nac_control_donde,Ult_nac_control_donde,mujer,f. Salud Materna,Donde se hizo el control prenatal la primera vez durante el último embarazo,numeric_continuous,0,148,,,bounds inferred from observed range with buffer; requires review
ult_nac_control_med,Ult_nac_control_med,mujer,f. Salud Materna,Quien la controló durante el último embarazo: Médico,binary,,,No;Yes,,
ult_nac_control_enf,Ult_nac_control_enf,mujer,f. Salud Materna,Quien la controló durante el último embarazo: Enfermera,binary,,,No;Yes,,
ult_nac_control_cat,Ult_nac_control_cat,mujer,f. Salud Materna,Quien la controló durante el último embarazo: Comadrona CAT,binary,,,No;Yes,,
ult_nac_control_emp,Ult_nac_control_emp,mujer,f. Salud Materna,Quien la controló durante el último embarazo: Comadrona Empirica,binary,,,No;Yes,,
ult_nac_control_noesp,Ult_nac_control_noesp,mujer,f. Salud Materna,Quien la controló durante el último embarazo: Comadrona no especificada,binary,,,No;Yes,,
ult_nac_control_otro,Ult_nac_control_otro,mujer,f. Salud Materna,Quien la controló durante el último embarazo: Otro,binary,,,No;Yes,,
ult_nac_control_esp,Ult_nac_control_esp,mujer,f. Salud Materna,Quien la controló durante el último embarazo: Otro especificado,factor,,,COMADRONA NO SABE SI ES CAPACITADA;GINECOLOGA;GINECOLOGAS;GINECOLOGO,,
ult_nac_control_tempgest,Ult_nac_control_tempgest,mujer,f. Salud Materna,Cuántas semanas o meses de embarazo tenía cuando fue al primer control del embarazo de su último embarazo en meses o semanas (Utilizar con Ult_nac_control_tempgest_uni),numeric_continuous,0,1481.5,,,bounds inferred from observed range with buffer; requires review
ult_nac_control_tempgest_uni,Ult_nac_control_tempgest_uni,mujer,f. Salud Materna,Unidad de cuantas meses o semanas cuando la madre fue al primer control del embarazo,factor,,,1;2;988,,
ult_nac_control_numero,Ult_nac_control_numero,mujer,f. Salud Materna,Número de controles que tuvo durante su último embarazo,numeric_integer,0,147,,,bounds inferred from observed range with buffer; requires review
ult_nac_carnet,Ult_nac_carnet,mujer,f. Salud Materna,La madre tiene su carné de control prenatal de su embarazo,factor,,,1;2;3;4,,
ult_nac_carnet_control,Ult_nac_carnet_control,mujer,f. Salud Materna,Número de controles prenatales según el carné,numeric_continuous,0,15,,,bounds inferred from observed range with buffer; requires review
ult_nac_carnet_supl_vac,Ult_nac_carnet_supl_vac,mujer,f. Salud Materna,Existe información en el carné sobre suplemento vitaminicos y vacunas,binary,,,1;2,,
ult_nac_hierro,Ult_nac_hierro,mujer,f. Salud Materna,Durante su último embarazo tomó sulfato ferroso/hierro,binary,,,1;2,,
ult_nac_acidofolico,Ult_nac_acidofolico,mujer,f. Salud Materna,Durante su último embarazo tomó acido fólico,binary,,,1;2,,
ult_nac_multivita,Ult_nac_multivita,mujer,f. Salud Materna,Durante su último embarazo tomó pastillas prenatales/multivitaminas,binary,,,1;2,,
ult_nac_diosupl_med,Ult_nac_diosupl_med,mujer,f. Salud Materna,La persona que le dio los suplementos: Médico,binary,,,No;Yes,,
ult_nac_diosupl_enf,Ult_nac_diosupl_enf,mujer,f. Salud Materna,La persona que le dio los suplementos: Enfermera,binary,,,No;Yes,,
ult_nac_diosupl_pro,Ult_nac_diosupl_pro,mujer,f. Salud Materna,La persona que le dio los suplementos: Promotor de Salud,text,,,,,
ult_nac_diosupl_vig,Ult_nac_diosupl_vig,mujer,f. Salud Materna,La persona que le dio los suplementos: Vigilante de Salud,text,,,,,
ult_nac_diosupl_cat,Ult_nac_diosupl_cat,mujer,f. Salud Materna,La persona que le dio los suplementos: Comadrona CAT,binary,,,No;Yes,,
ult_nac_diosupl_emp,Ult_nac_diosupl_emp,mujer,f. Salud Materna,La persona que le dio los suplementos: Comadrona Empirica,text,,,,,
ult_nac_diosupl_noesp,Ult_nac_diosupl_noesp,mujer,f. Salud Materna,La persona que le dio los suplementos: Comadrona no especificada,text,,,,,
ult_nac_diosupl_farm,Ult_nac_diosupl_farm,mujer,f. Salud Materna,La persona que le dio los suplementos: Farmaceutico,binary,,,No;Yes,,
ult_nac_diosupl_misma,Ult_nac_diosupl_misma,mujer,f. Salud Materna,La persona que le dio los suplementos: Ella Misma,binary,,,No;Yes,,
ult_nac_diosupl_otro,Ult_nac_diosupl_otro,mujer,f. Salud Materna,La persona que le dio los suplementos: Otro,binary,,,No;Yes,,
ult_nac_diosupl_esp,Ult_nac_diosupl_esp,mujer,f. Salud Materna,La persona que le dio los suplementos: Otro especificado,factor,,,CUÑADA;ESPOSO COMPRO;GINECOLOGA;GINECOLOGO;HERMANA;MAMA,,
ult_nac_consejo_comida,Ult_nac_consejo_comida,mujer,f. Salud Materna,Alguien le aconsejó lo que debía comer durante el embarazo,factor,,,1;2;98,,
ult_nac_consejo_med,Ult_nac_consejo_med,mujer,f. Salud Materna,La persona que le aconsejó lo que debía comer durante el embarazo: Médico,binary,,,No;Yes,,
ult_nac_consejo_enf,Ult_nac_consejo_enf,mujer,f. Salud Materna,La persona que le aconsejó lo que debía comer durante el embarazo: Enfermera,binary,,,No;Yes,,
ult_nac_consejo_pro,Ult_nac_consejo_pro,mujer,f. Salud Materna,La persona que le aconsejó lo que debía comer durante el embarazo: Promotor de Salud,binary,,,No;Yes,,
ult_nac_consejo_vig,Ult_nac_consejo_vig,mujer,f. Salud Materna,La persona que le aconsejó lo que debía comer durante el embarazo: Vigilante de Salud,binary,,,No;Yes,,
ult_nac_consejo_cat,Ult_nac_consejo_cat,mujer,f. Salud Materna,La persona que le aconsejó lo que debía comer durante el embarazo: Comadrona CAT,binary,,,No;Yes,,
ult_nac_consejo_emp,Ult_nac_consejo_emp,mujer,f. Salud Materna,La persona que le aconsejó lo que debía comer durante el embarazo: Comadrona Empirica,binary,,,No;Yes,,
ult_nac_consejo_noesp,Ult_nac_consejo_noesp,mujer,f. Salud Materna,La persona que le aconsejó lo que debía comer durante el embarazo: Comadrona no especificada,text,,,,,
ult_nac_consejo_farm,Ult_nac_consejo_farm,mujer,f. Salud Materna,La persona que le aconsejó lo que debía comer durante el embarazo: Farmaceutico,text,,,,,
ult_nac_consejo_misma,Ult_nac_consejo_misma,mujer,f. Salud Materna,La persona que le aconsejó lo que debía comer durante el embarazo: Ella Misma,binary,,,No;Yes,,
ult_nac_consejo_otro,Ult_nac_consejo_otro,mujer,f. Salud Materna,La persona que le aconsejó lo que debía comer durante el embarazo: Otro,binary,,,No;Yes,,
ult_nac_consejo_esp,Ult_nac_consejo_esp,mujer,f. Salud Materna,La persona que le aconsejó lo que debía comer durante el embarazo: Otro especificado,text,,,,,
ult_nac_presionarterial,Ult_nac_presionarterial,mujer,f. Salud Materna,Durante su último embarazo le miderien la presión arterial,binary,,,1;2,,
ult_nac_orina,Ult_nac_orina,mujer,f. Salud Materna,Durante su último embarazo le hicieron un examen de orina,binary,,,1;2,,
ult_nac_sangre,Ult_nac_sangre,mujer,f. Salud Materna,Durante su último embarazo le hicieron un examen de sangre,binary,,,1;2,,
ult_nac_antietanicas_carnet,Ult_nac_antietanicas_carnet,mujer,f. Salud Materna,Durante su último embarazo le pusieron vacunas antietánicas,factor,,,0;1;2;3,,
ult_nac_antietanicas_madre,Ult_nac_antietanicas_madre,mujer,f. Salud Materna,Durante su último embarazo cuantas vacunas antietánicas le pusieron,factor,,,0;1;2;3;4;5;9;98,,
ult_nac_lugar,Ult_nac_lugar,mujer,f. Salud Materna,El lugar donde tuvo el último parto,factor,,,1;2;3;4;5;6;8;9;10;11;12;88,,
ult_nac_lugar_otro,Ult_nac_lugar_otro,mujer,f. Salud Materna,"El lugar donde tuvo el último parto, otro especificado",factor,,,1;CASA CANTONAL;CASA DE COMADRONA;CASA DE LA COMADRONA;CASA DE LA SUEGRA;EN EL CARRO QUE LA LLEVABAN;HOSPITAL JUAN PABLO II PRIVADO;HOSPITAL PUBLICO DE MEXICO;IGSS;MATERNIDAD PRIMERO DE JULIO,,
ult_nac_atendio,Ult_nac_atendio,mujer,f. Salud Materna,La persona que antendió su último parto,factor,,,1;2;3;5;6;8;96,,
ult_nac_atendio_otro,Ult_nac_atendio_otro,mujer,f. Salud Materna,"La persona que antendió su último parto, otro especificado",factor,,,BOMBEROS;PRACTICANTE DE MEDICO;PRACTICANTES DE MEDICINA;SUEGRO,,
ult_nac_tipo,Ult_nac_tipo,mujer,f. Salud Materna,"El último parto fue normal (vaginal), por cesárea programada, o cesárea de emergencia",factor,,,1;2;3,,
pen_nac_nlinea,Pen_nac_Nlinea,mujer,f. Salud Materna,Número de línea del niño que fue el penúltimo nacido vivo,id,,,,,
pen_nac_vivo,Pen_nac_vivo,mujer,f. Salud Materna,El penúltimo niño nacido está vivo,binary,,,1;2,,
pen_nac_queria,Pen_nac_queria,mujer,f. Salud Materna,"Cuando quedó embarazada la madre quería tener el penúltimo hijo entonces, esperar más tiempo, o no quería más hijos",factor,,,1;2;3,,
pen_nac_control,Pen_nac_control,mujer,f. Salud Materna,Tuvo algún control prenatal cuando estaba embarazada de su penúltimo hijo,binary,,,1;2,,
pen_nac_control_tempgest,Pen_nac_control_tempgest,mujer,f. Salud Materna,Cuántas semanas o meses de embarazo tenía cuando fue al primer control del embarazo de su penúltimo embarazo en meses o semanas (Utilizar con Ult_nac_control_tempgest_uni),numeric_continuous,0,27,,,bounds inferred from observed range with buffer; requires review
pen_nac_control_numero,Pen_nac_control_numero,mujer,f. Salud Materna,Número de controles que tuvo durante su penúltimo embarazo,numeric_integer,0,147,,,bounds inferred from observed range with buffer; requires review
pen_nac_lugar,Pen_nac_lugar,mujer,f. Salud Materna,El lugar donde tuvo el penúltimo parto,numeric_continuous,0,131.5,,,bounds inferred from observed range with buffer; requires review
pen_nac_lugar_otro,Pen_nac_lugar_otro,mujer,f. Salud Materna,"El lugar donde tuvo el penúltimo parto, otro especificado",factor,,,CASA COMADRONA;CASA DE PAPA;HOSPITAL PRIVADO JUAN PABLO II;IGSS,,
pen_nac_atendio,Pen_nac_atendio,mujer,f. Salud Materna,La persona que antendió su penúltimo parto,factor,,,2;3;5;6;8;96,,
pen_nac_atendio_otro,Pen_nac_atendio_otro,mujer,f. Salud Materna,"La persona que antendió su penúltimo parto, otro especificado",binary,,,ELLA MISMA;PRACTICANTE DE MEDICINA,,
pen_nac_tipo,Pen_nac_tipo,mujer,f. Salud Materna,"El penúltimo parto fue normal (vaginal), por cesárea programada, o cesárea de emergencia",factor,,,1;2;3,,
ter_nac_nlinea,Ter_nac_Nlinea,mujer,f. Salud Materna,Número de línea del niño que fue el tercero anterior nacido vivo,id,,,,,
ter_nac_vivo,Ter_nac_vivo,mujer,f. Salud Materna,El tercero anterior niño nacido está vivo,binary,,,1;2,,
ter_nac_queria,Ter_nac_queria,mujer,f. Salud Materna,"Cuando quedó embarazada la madre quería tener el tercero anterio hijo entonces, esperar más tiempo, o no quería más hijos",binary,,,1;2,,
ter_nac_control,Ter_nac_control,mujer,f. Salud Materna,Tuvo algún control prenatal cuando estaba embarazada de su tecero anterior hijo,binary,,,1;2,,
ter_nac_control_tempgest,Ter_nac_control_tempgest,mujer,f. Salud Materna,Cuántas semanas o meses de embarazo tenía cuando fue al primer control del embarazo de su tercero anterior embarazo en meses o semanas (Utilizar con Ult_nac_control_tempgest_uni),factor,,,1;3;4;5;6,,
ter_nac_control_numero,Ter_nac_control_numero,mujer,f. Salud Materna,Número de controles que tuvo durante su tercero anterior embarazo,factor,,,2;3;4;5;6;8;9,,
ter_nac_lugar,Ter_nac_lugar,mujer,f. Salud Materna,El lugar donde tuvo el tercero anterior parto,factor,,,1;6;12;88,,
ter_nac_lugar_otro,Ter_nac_lugar_otro,mujer,f. Salud Materna,"El lugar donde tuvo el tercero anterior parto, otro especificado",binary,,,CASA COMADRONA,,
ter_nac_atendio,Ter_nac_atendio,mujer,f. Salud Materna,La persona que antendió su tercero anterior parto,factor,,,2;3;5,,
ter_nac_atendio_otro,Ter_nac_atendio_otro,mujer,f. Salud Materna,"La persona que antendió su tercero anterior parto, otro especificado",text,,,,,
ter_nac_tipo,Ter_nac_tipo,mujer,f. Salud Materna,"El tercero anterior parto fue normal (vaginal), por cesárea programada, o cesárea de emergencia",binary,,,1;3,,
ult_nac_pesar,Ult_nac_pesar,mujer,f. Salud Materna,Pesaron al último nacido en el momento de nacer o en los primeros 7 días después del parto,factor,,,1;2;98,,
ult_nac_pesocarnet_lb,Ult_nac_pesocarnet_lb,mujer,f. Salud Materna,Peso en libras del último nacido según el carné (utilizar con Ult_nac_pesocarnet_oz),factor,,,1.5;4;5;6;7;8;9,,
ult_nac_pesocarnet_oz,Ult_nac_pesocarnet_oz,mujer,f. Salud Materna,Peso en onzas del último nacido según el carné (utilizar con Ult_nac_pesocarnet_lb),numeric_continuous,0,22.5,,,bounds inferred from observed range with buffer; requires review
ult_nac_pesomadre_lb,Ult_nac_pesomadre_lb,mujer,f. Salud Materna,Peso en libras del último nacido según la madre (utilizar con Ult_nac_pesomadre_oz),factor,,,2;3;4;5;6;7;8;9;10,,
ult_nac_pesomadre_oz,Ult_nac_pesomadre_oz,mujer,f. Salud Materna,Peso en onzas del último nacido según la madre (utilizar con Ult_nac_pesomadre_lb),numeric_continuous,0,45,,,bounds inferred from observed range with buffer; requires review
ult_nac_indico_bajopeso,Ult_nac_indico_bajopeso,mujer,f. Salud Materna,Alguien le indicó que tenía bajo peso cuando nació,factor,,,1;2;98,,
ult_nac_contr_desp,Ult_nac_contr_desp,mujer,f. Salud Materna,Tuvo la madre algún control después del parto de último nacido,factor,,,1;2;98,,
ult_nac_contr_desp_tiempo,Ult_nac_contr_desp_tiempo,mujer,f. Salud Materna,"Tiempo después del parto del último nacido que tuvo su primer control de la madre en días, semanas, o meses (Utilizar con Ult_nac_contr_desp_tiempo_uni)",numeric_continuous,0,67,,,bounds inferred from observed range with buffer; requires review
ult_nac_contr_desp_tiempo_uni,Ult_nac_contr_desp_tiempo_uni,mujer,f. Salud Materna,Unidad de tiempo después del parto del último nacido que tuvo su primer control de la madre,factor,,,1;2;3;98,,
ult_nac_contr_desp_donde,Ult_nac_contr_desp_donde,mujer,f. Salud Materna,Donde la madre tuvo su primer control después del parto del último nacido,numeric_continuous,0,131.5,,,bounds inferred from observed range with buffer; requires review
ult_nac_contr_desp_dondeo,Ult_nac_contr_desp_dondeo,mujer,f. Salud Materna,Otro lugar especifo donde la madre tuvo su primer control después del parto del último nacido,text,,,,,
ult_nac_desp_hierro,Ult_nac_desp_hierro,mujer,f. Salud Materna,"Después del último parto, la madre tomó sulfato ferroso/hierro",binary,,,1;2,,
ult_nac_desp_acidofolico,Ult_nac_desp_acidofolico,mujer,f. Salud Materna,"Después del último parto, la madre tomó ácido fólico",binary,,,1;2,,
ult_nac_desp_multivit,Ult_nac_desp_multivit,mujer,f. Salud Materna,"Después del último parto, la madre tomó prenatales/multivitaminas",binary,,,1;2,,
ult_nac_desp_diosupl_med,Ult_nac_desp_diosupl_med,mujer,f. Salud Materna,La persona que le dio los suplementos: Médico,binary,,,No;Yes,,
ult_nac_desp_diosupl_enf,Ult_nac_desp_diosupl_enf,mujer,f. Salud Materna,La persona que le dio los suplementos: Enfermera,binary,,,No;Yes,,
ult_nac_desp_diosupl_pro,Ult_nac_desp_diosupl_pro,mujer,f. Salud Materna,La persona que le dio los suplementos: Promotor de Salud,binary,,,No;Yes,,
ult_nac_desp_diosupl_vig,Ult_nac_desp_diosupl_vig,mujer,f. Salud Materna,La persona que le dio los suplementos: Vigilante de Salud,binary,,,No,,
ult_nac_desp_diosupl_cat,Ult_nac_desp_diosupl_cat,mujer,f. Salud Materna,La persona que le dio los suplementos: Comadrona CAT,binary,,,No;Yes,,
ult_nac_desp_diosupl_emp,Ult_nac_desp_diosupl_emp,mujer,f. Salud Materna,La persona que le dio los suplementos: Comadrona Empirica,binary,,,No,,
ult_nac_desp_diosupl_noesp,Ult_nac_desp_diosupl_noesp,mujer,f. Salud Materna,La persona que le dio los suplementos: Comadrona no especificado,binary,,,No;Yes,,
ult_nac_desp_diosupl_farm,Ult_nac_desp_diosupl_farm,mujer,f. Salud Materna,La persona que le dio los suplementos: Farmaceutico,binary,,,No;Yes,,
ult_nac_desp_diosupl_misma,Ult_nac_desp_diosupl_misma,mujer,f. Salud Materna,La persona que le dio los suplementos: Ella misma,binary,,,No;Yes,,
ult_nac_desp_diosupl_otro,Ult_nac_desp_diosupl_otro,mujer,f. Salud Materna,La persona que le dio los suplementos: Otro,binary,,,No;Yes,,
ult_nac_desp_diosupl_esp,Ult_nac_desp_diosupl_esp,mujer,f. Salud Materna,"La persona que le dio los suplementos: Otro, especificado",factor,,,CUÑADA;GINECOLOGO;LO COMPRO SU ESPOSO;MAMA;PADRES,,
ult_nac_desp_charlacom,Ult_nac_desp_charlacom,mujer,f. Salud Materna,"Después del último parto, la madre recibió una plática o charla sobre su alimentación o lo que debía comer después del parto o durante la lactancia",factor,,,1;2;98,,
ult_nac_desp_charlacom_med,Ult_nac_desp_charlacom_med,mujer,f. Salud Materna,La persona que le dio una charla sobre alimentación posparto: Médico,binary,,,No;Yes,,
ult_nac_desp_charlacom_enf,Ult_nac_desp_charlacom_enf,mujer,f. Salud Materna,La persona que le dio una charla sobre alimentación posparto: Enfermera,binary,,,No;Yes,,
ult_nac_desp_charlacom_pro,Ult_nac_desp_charlacom_pro,mujer,f. Salud Materna,La persona que le dio una charla sobre alimentación posparto: Promotor de Salud,binary,,,No;Yes,,
ult_nac_desp_charlacom_vig,Ult_nac_desp_charlacom_vig,mujer,f. Salud Materna,La persona que le dio una charla sobre alimentación posparto: Vigilante de Salud,binary,,,No,,
ult_nac_desp_charlacom_cat,Ult_nac_desp_charlacom_cat,mujer,f. Salud Materna,La persona que le dio una charla sobre alimentación posparto: Comadrona CAT,binary,,,No;Yes,,
ult_nac_desp_charlacom_emp,Ult_nac_desp_charlacom_emp,mujer,f. Salud Materna,La persona que le dio una charla sobre alimentación posparto: Comadrona Empirica,binary,,,No,,
ult_nac_desp_charlacom_noesp,Ult_nac_desp_charlacom_noesp,mujer,f. Salud Materna,La persona que le dio una charla sobre alimentación posparto: Comadrona no Especificada,binary,,,No,,
ult_nac_desp_charlacom_fam,Ult_nac_desp_charlacom_fam,mujer,f. Salud Materna,La persona que le dio una charla sobre alimentación posparto: Familiar/Amiga,binary,,,No;Yes,,
ult_nac_desp_charlacom_vid,Ult_nac_desp_charlacom_vid,mujer,f. Salud Materna,La persona que le dio una charla sobre alimentación posparto: Video,binary,,,No,,
ult_nac_desp_charlacom_otro,Ult_nac_desp_charlacom_otro,mujer,f. Salud Materna,La persona que le dio una charla sobre alimentación posparto: Otro,binary,,,No;Yes,,
ult_nac_desp_charlacom_esp,Ult_nac_desp_charlacom_esp,mujer,f. Salud Materna,"La persona que le dio una charla sobre alimentación posparto: Otro, especificado",factor,,,LEPRACTICANTES EN CENTRO DE;MONITORA;NUTRICIONISTA;SUEGRA,,
ult_nac_desp_plan,Ult_nac_desp_plan,mujer,f. Salud Materna,"Después del último parto, la madre recibió una plática o charla sobre planificación familiar",binary,,,1;2,,
ult_nac_desp_plan_med,Ult_nac_desp_plan_med,mujer,f. Salud Materna,La persona que le dio una charla sobre planificación familiar posparto: Médico,binary,,,No;Yes,,
ult_nac_desp_plan_enf,Ult_nac_desp_plan_enf,mujer,f. Salud Materna,La persona que le dio una charla sobre planificación familiar posparto: Enfermera,binary,,,No;Yes,,
ult_nac_desp_plan_pro,Ult_nac_desp_plan_pro,mujer,f. Salud Materna,La persona que le dio una charla sobre planificación familiar posparto: Promotor de Salud,binary,,,No;Yes,,
ult_nac_desp_plan_vig,Ult_nac_desp_plan_vig,mujer,f. Salud Materna,La persona que le dio una charla sobre planificación familiar posparto: Vigilante de Salud,binary,,,No;Yes,,
ult_nac_desp_plan_cat,Ult_nac_desp_plan_cat,mujer,f. Salud Materna,La persona que le dio una charla sobre planificación familiar posparto: Comadrona CAT,binary,,,No;Yes,,
ult_nac_desp_plan_emp,Ult_nac_desp_plan_emp,mujer,f. Salud Materna,La persona que le dio una charla sobre planificación familiar posparto: Comadrona Empirica,binary,,,No;Yes,,
ult_nac_desp_plan_noesp,Ult_nac_desp_plan_noesp,mujer,f. Salud Materna,La persona que le dio una charla sobre planificación familiar posparto: Comadrona no Especificada,binary,,,No;Yes,,
ult_nac_desp_plan_fam,Ult_nac_desp_plan_fam,mujer,f. Salud Materna,La persona que le dio una charla sobre planificación familiar posparto: Familiar/Amiga,binary,,,No;Yes,,
ult_nac_desp_plan_vid,Ult_nac_desp_plan_vid,mujer,f. Salud Materna,La persona que le dio una charla sobre planificación familiar posparto: Video,binary,,,No;Yes,,
ult_nac_desp_plan_otro,Ult_nac_desp_plan_otro,mujer,f. Salud Materna,La persona que le dio una charla sobre planificación familiar posparto: Otro,binary,,,No;Yes,,
ult_nac_desp_plan_esp,Ult_nac_desp_plan_esp,mujer,f. Salud Materna,"La persona que le dio una charla sobre planificación familiar posparto: Otro, especificado",factor,,,EDUCADOR DE SALUD;GINECOLOGA;IMAGENES EN ROTAFOLIOS;MAESTRO;MAMA;MONITORA;PRACTICANTES;TRABAJADORA SOCIAL,,
ult_nac_desp_renap,Ult_nac_desp_RENAP,mujer,f. Salud Materna,"Después de que nació, el último nacido fue inscrito en RENAP",binary,,,1;2,,
ult_nac_muerto_renap,Ult_nac_muerto_RENAP,mujer,f. Salud Materna,"Si el niño falleció, el fallecimiento fue inscrito en RENAP",binary,,,1;2,,
ult_nac_hijocontrol,Ult_nac_hijocontrol,mujer,f. Salud Materna,"Después de que nació el niño, le llevó a control médico",factor,,,1;2;98,,
ult_nac_hijocontrol_tiempo,Ult_nac_hijocontrol_tiempo,mujer,f. Salud Materna,"Tiempo después de que nació el niño, le llevó a control médico en días, semanas, o meses (utilizar con Ult_nac_hijocontrol_tiempouni)",numeric_continuous,0,60,,,bounds inferred from observed range with buffer; requires review
ult_nac_hijocontrol_tiempouni,Ult_nac_hijocontrol_tiempouni,mujer,f. Salud Materna,"Unidad de tiempo después de que nació el niño, le llevó a control médico",factor,,,1;2;3,,
ult_nac_hijocontrol_razon,Ult_nac_hijocontrol_razon,mujer,f. Salud Materna,Le llevó porque estaba enfermo o para monitoreo de crecimiento,binary,,,1;2,,
ult_nac_hijocontrol_donde,Ult_nac_hijocontrol_donde,mujer,f. Salud Materna,Lugar donde le llevó al control al niño,numeric_continuous,0,131.5,,,bounds inferred from observed range with buffer; requires review
ult_nac_hijocontrol_dondeo,Ult_nac_hijocontrol_dondeo,mujer,f. Salud Materna,Otro lugar especificado donde le llevó al control al niño,factor,,,CAP;CASA DE ENTREVISTADA;CASA DE PAPA;CENTRO DE CONVERGENCIA;CON EL PEDIATRA;UNIDAD DE SALUD EN EL SALVADOR,,
madre_antietanicas_vez,Madre_Antietanicas_vez,mujer,g. Servicios de Salud,Alguna vez cuando la mujer no estaba embarazada recibió una vacuna contra el tétanos,factor,,,1;2;98,,
madre_antietanicas_numero,Madre_Antietanicas_numero,mujer,g. Servicios de Salud,Número de vacunas antitetánicas le han puesto desde que la mujer cumplió 15 años sin estar embarazada,factor,,,1;2;3;4;5;6;7;10;98,,
fumado_vez,Fumado_vez,mujer,g. Servicios de Salud,La madre ha fumado cigarillos alguna vez,binary,,,1;2,,
fumado_cuantos,Fumado_cuantos,mujer,g. Servicios de Salud,El número promedio de cigarillos que la madre fumó por día durante los últimos 30 días,numeric_integer,0,100,,count,
fumado_cuantos_otro,Fumado_cuantos_otro,mujer,g. Servicios de Salud,Otras respuestas para el número promedio de cigarillos que la madre fumó por día durante los últimos 30 días,binary,,,1;2,,
seguro_igss,seguro_IGSS,mujer,g. Servicios de Salud,La madre es afiliada o beneficiaria del Instituto Guatemalteco de Seguridad Social (IGSS),factor,,,1;2;3;98,,
seguro_noigss,seguro_noIGSS,mujer,g. Servicios de Salud,La madre tiene algún seguro médico privado de salud (que no sea el IGSS),factor,,,1;2;98,,
hipertension_padres,Hipertension_padres,mujer,g. Servicios de Salud,¿Algunos de sus padres padece o padecía de hipertensión arterial?,factor,,,1;2;98,,
hipertension_mujer,Hipertension_mujer,mujer,g. Servicios de Salud,¿Alguna vez le ha dicho un médico u otro profesional de la Salud que tiene presión alta o hipertensión arterial?,factor,,,1;2;98,,
hipertension_ult12mes,Hipertension_ult12mes,mujer,g. Servicios de Salud,¿Le han dicho que tiene presión alta o hipertensión arterial en los últimos 12 meses?,binary,,,1;2,,
hipertension_med,Hipertension_med,mujer,g. Servicios de Salud,¿Consume medicamentos orales bajo prescripción médica para el control de la hipertensión arterial?,binary,,,1;2,,
hipertension_embarazo,Hipertension_embarazo,mujer,g. Servicios de Salud,¿Alguna vez un médico le dijo que se le subió la presión durante alguno de sus embarazos?,factor,,,1;2;98;99,,
diabetes_padres,diabetes_padres,mujer,,,factor,,,1;2;98,,
diabetes_mujer,diabetes_mujer,mujer,,,factor,,,1;2;98,,
diabetes_mes,diabetes_mes,mujer,,,factor,,,0;1;2;3;4;5;6;8;9,,
diabetes_an,diabetes_an,mujer,,,numeric_continuous,0,30,,,bounds inferred from observed range with buffer; requires review
diabetes_insulina,diabetes_insulina,mujer,,,factor,,,1;2;98,,
diabetes_meds,diabetes_meds,mujer,,,binary,,,1;2,,
diabetes_dieta,diabetes_dieta,mujer,,,binary,,,1;2,,
dientes_limpia_vez,dientes_limpia_vez,mujer,,,factor,,,1;2;98,,
dientes_limpia_vezdia,dientes_limpia_vezdia,mujer,g. Servicios de Salud,¿Cuántas veces al día se limpia los dientes?,factor,,,1;2;3;4;5;6,,
dientes_lav_cepillo,dientes_lav_cepillo,mujer,g. Servicios de Salud,Qué utiliza usted para lavarse los dientes: cepillo de dientes,binary,,,No;Yes,,
dientes_lav_pasta,dientes_lav_pasta,mujer,g. Servicios de Salud,Qué utiliza usted para lavarse los dientes: pasta de dientes,binary,,,No;Yes,,
dientes_lav_hilo,dientes_lav_hilo,mujer,g. Servicios de Salud,Qué utiliza usted para lavarse los dientes: hilo dental,binary,,,No;Yes,,
dientes_lav_palillos,dientes_lav_palillos,mujer,g. Servicios de Salud,Qué utiliza usted para lavarse los dientes: palillos de dientes,binary,,,No;Yes,,
dientes_lav_otro,dientes_lav_otro,mujer,g. Servicios de Salud,Qué utiliza usted para lavarse los dientes: otra cosa,binary,,,No;Yes,,
dientes_lav_otro_esp,dientes_lav_otro_esp,mujer,g. Servicios de Salud,Qué utiliza usted para lavarse los dientes: otra cosa especificada,text,,,,,
dientes_lav_cepillo_nro,dientes_lav_cepillo_nro,mujer,g. Servicios de Salud,Con qué frecuencia utiliza usted cepillo de dientes,factor,,,1;2;3;5,,
dientes_lav_pasta_nro,dientes_lav_pasta_nro,mujer,g. Servicios de Salud,Con qué frecuencia utiliza usted pasta de dientes,factor,,,1;2;3;4;5,,
dientes_lav_hilo_nro,dientes_lav_hilo_nro,mujer,g. Servicios de Salud,Con qué frecuencia utiliza usted hilo dental,factor,,,1;2;3;4;5;6;7,,
dientes_lav_palillos_nro,dientes_lav_palillos_nro,mujer,g. Servicios de Salud,Con qué frecuencia utiliza usted palillos de dientes,factor,,,1;2;3;4;5;6;7,,
dientes_lav_otro_nro,dientes_lav_otro_nro,mujer,g. Servicios de Salud,Con qué frecuencia utiliza usted otra cosa para lavarse los dientes,factor,,,1;2;3;4;5;6;7;96,,
dientes_lav_otro_esp_nro,dientes_lav_otro_esp_nro,mujer,g. Servicios de Salud,Con qué frecuencia utiliza usted otra cosa (especificada) para lavarse los dientes,text,,,,,
dientes_consulta,dientes_consulta,mujer,g. Servicios de Salud,¿Ha ido a consulta con algún dentista?,factor,,,1;2;98,,
dientes_consulta_hosp,dientes_consulta_hosp,mujer,c. Salud en la niñez,"En el último año, el niño se fue al hospital para una consulta de dientes",binary,,,No;Yes,,
dientes_consulta_cs,dientes_consulta_CS,mujer,c. Salud en la niñez,"En el último año, el niño se fue al centro de salud para una consulta de dientes",binary,,,No;Yes,,
dientes_consulta_lab,dientes_consulta_lab,mujer,c. Salud en la niñez,"En el último año, el niño se fue al laboratorio para una consulta de dientes",binary,,,No;Yes,,
dientes_consulta_clin,dientes_consulta_clin,mujer,c. Salud en la niñez,"En el último año, el niño se fue a una clínica privada para una consulta de dientes",binary,,,No;Yes,,
dientes_consulta_otro,dientes_consulta_otro,mujer,c. Salud en la niñez,"En el último año, el niño se fue a un otro lugar para una consulta de dientes",binary,,,No;Yes,,
dientes_extraccion,dientes_extraccion,mujer,c. Salud en la niñez,Tipo de tratamiento de dientes en el último año: Extracciones de dientes,binary,,,No;Yes,,
dientes_rellenos,dientes_rellenos,mujer,c. Salud en la niñez,Tipo de tratamiento de dientes en el último año: Rellenos,binary,,,No;Yes,,
dientes_puente_placa,dientes_puente_placa,mujer,g. Servicios de Salud,Qué tipo de tratamientos dentales le han hecho: puentes o placas,binary,,,No;Yes,,
dientes_limpieza,dientes_limpieza,mujer,c. Salud en la niñez,Tipo de tratamiento de dientes en el último año: Limpieza,binary,,,No;Yes,,
dientes_otro_trat,dientes_otro_trat,mujer,g. Servicios de Salud,Qué tipo de tratamientos dentales le han hecho: otro tratamiento,binary,,,No;Yes,,
dientes_otro_trat_esp,dientes_otro_trat_esp,mujer,g. Servicios de Salud,"Qué tipo de tratamientos dentales le han hecho: otro tratamiento, especificado",text,,,,,
dientes_salud_bucal,dientes_salud_bucal,mujer,c. Salud en la niñez,"¿Cómo cree usted que está la salud de la boca, dientes y encías de su hijo/a? (01 Muy buena a 05 Muy mala)",factor,,,1;2;3;4;5;98,,
dientes_nervioso,dientes_nervioso,mujer,g. Servicios de Salud,"¿Se ha sentido nervioso o avergonzado por problemas con sus dientes, encías o prótesis?",factor,,,1;2;98,,
dientes_prob_comer,dientes_prob_comer,mujer,g. Servicios de Salud,"¿Ha tenido dificultad para comer a causa de problemas en los dientes, encías o prótesis?",binary,,,1;2,,
dientes_prob_hablar,dientes_prob_hablar,mujer,c. Salud en la niñez,"¿Su hijo/a ha tenido dificultad para hablar a causa de problemas en los dientes, encías o casquitos?",factor,,,1;2;98,,
dientes_feliz,dientes_feliz,mujer,g. Servicios de Salud,"¿Está conforme o feliz con la imagen de sus dientes, encías o prótesis?",factor,,,1;2;98,,
zika_12m_tuvo,Zika_12m_tuvo,mujer,g. Servicios de Salud,"En los últimos 12 meses, un médico o enfermera le dijo a la madre que tuvo infección por Zika",factor,,,1;2;98,,
zika_12m_zalpullido,Zika_12m_zalpullido,mujer,g. Servicios de Salud,"En los últimos 12 meses, la madre tuvo ""zalpullido"" o ""rash"" en una parte de su cuerpo",factor,,,1;2;98,,
zika_12m_deb_musc,Zika_12m_deb_musc,mujer,g. Servicios de Salud,"En los últimos 12 meses, la madre experimentó debilidad muscular muy fuerte o dificultad para mover alguno de sus brazos o piernas",factor,,,1;2;98,,
zika_12m_inf_ojo,Zika_12m_inf_ojo,mujer,g. Servicios de Salud,"En los últimos 12 meses, la madre tuvo una infección del ojo que le puso los ojos rojos, irritados y llorosos",factor,,,1;2;98,,
esteril_fem_oido,Esteril_fem_oido,mujer,h. Planificación Familiar,La madre conoce o ha oído hablar de esterilización femenina o ligadura,binary,,,1;2,,
esteril_fem_vez,Esteril_fem_vez,mujer,h. Planificación Familiar,La madre alguna vez ha usado esterilización femenina o ligadura,binary,,,1;2,,
esteril_fem_actual,Esteril_fem_actual,mujer,h. Planificación Familiar,La madre usa actualmente (durante los últimos 30 días) esterilización femenina o ligadura,binary,,,1;2,,
esteril_masc_oido,Esteril_masc_oido,mujer,h. Planificación Familiar,La madre conoce o ha oído hablar de esterilización masculina o vasectomía,binary,,,1;2,,
esteril_masc_vez,Esteril_masc_vez,mujer,h. Planificación Familiar,La madre alguna vez ha usado esterilización masculina o vasectomía,binary,,,1;2,,
esteril_masc_actual,Esteril_masc_actual,mujer,h. Planificación Familiar,La madre usa actualmente (durante los últimos 30 días) esterilización masculina o vasectomía,binary,,,1;2,,
diu_oido,DIU_oido,mujer,h. Planificación Familiar,"La madre conoce o ha oído hablar de DIU, espiral o T de Cobre",binary,,,1;2,,
diu_vez,DIU_vez,mujer,h. Planificación Familiar,"La madre alguna vez ha usado DIU, espiral o T de Cobre",binary,,,1;2,,
diu_actual,DIU_actual,mujer,h. Planificación Familiar,"La madre usa actualmente (durante los últimos 30 días) DIU, espiral o T de Cobre",binary,,,1;2,,
inyeccion_oido,Inyeccion_oido,mujer,h. Planificación Familiar,La madre conoce o ha oído hablar de Inyección anticonceptiva,binary,,,1;2,,
inyeccion_vez,Inyeccion_vez,mujer,h. Planificación Familiar,La madre alguna vez ha usado Inyección anticonceptiva,binary,,,1;2,,
inyeccion_actual,Inyeccion_actual,mujer,h. Planificación Familiar,La madre usa actualmente (durante los últimos 30 días) Inyección anticonceptiva,binary,,,1;2,,
implante_oido,Implante_oido,mujer,h. Planificación Familiar,La madre conoce o ha oído hablar de NORPLANT o implante,binary,,,1;2,,
implante_vez,Implante_vez,mujer,h. Planificación Familiar,La madre alguna vez ha usado NORPLANT o implante,binary,,,1;2,,
implante_actual,Implante_actual,mujer,h. Planificación Familiar,La madre usa actualmente (durante los últimos 30 días) NORPLANT o implante,binary,,,1;2,,
pildora_oido,Pildora_oido,mujer,h. Planificación Familiar,La madre conoce o ha oído hablar de Píldora o pastilla anticonceptiva,binary,,,1;2,,
pildora_vez,Pildora_vez,mujer,h. Planificación Familiar,La madre alguna vez ha usado Píldora o pastilla anticonceptiva,binary,,,1;2,,
pildora_actual,Pildora_actual,mujer,h. Planificación Familiar,La madre usa actualmente (durante los últimos 30 días) Píldora o pastilla anticonceptiva,binary,,,1;2,,
metodos_vaginales_oido,Metodos_vaginales_oido,mujer,h. Planificación Familiar,La madre conoce o ha oído hablar de Métodos vaginales (jaleas / espumas / diafragma / cremas / óvulos / tabletas),binary,,,1;2,,
metodos_vaginales_vez,Metodos_vaginales_vez,mujer,h. Planificación Familiar,La madre alguna vez ha usado Métodos vaginales (jaleas / espumas / diafragma / cremas / óvulos / tabletas),binary,,,1;2,,
metodos_vaginales_actual,Metodos_vaginales_actual,mujer,h. Planificación Familiar,La madre usa actualmente (durante los últimos 30 días) Métodos vaginales (jaleas / espumas / diafragma / cremas / óvulos / tabletas),binary,,,1;2,,
parche_oido,Parche_oido,mujer,h. Planificación Familiar,La madre conoce o ha oído hablar de parche,binary,,,1;2,,
parche_vez,Parche_vez,mujer,h. Planificación Familiar,La madre alguna vez ha usado parche,binary,,,1;2,,
parche_actual,Parche_actual,mujer,h. Planificación Familiar,La madre usa actualmente (durante los últimos 30 días) parche,binary,,,2,,
condon_oido,Condon_oido,mujer,h. Planificación Familiar,La madre conoce o ha oído hablar de Condón (preservativo),binary,,,1;2,,
condon_vez,Condon_vez,mujer,h. Planificación Familiar,La madre alguna vez ha usado Condón (preservativo),binary,,,1;2,,
condon_actual,Condon_actual,mujer,h. Planificación Familiar,La madre usa actualmente (durante los últimos 30 días) Condón (preservativo),binary,,,1;2,,
ritmo_oido,Ritmo_oido,mujer,h. Planificación Familiar,La madre conoce o ha oído hablar de Ritmo/calendario,binary,,,1;2,,
ritmo_vez,Ritmo_vez,mujer,h. Planificación Familiar,La madre alguna vez ha usado Ritmo/calendario,binary,,,1;2,,
ritmo_actual,Ritmo_actual,mujer,h. Planificación Familiar,La madre usa actualmente (durante los últimos 30 días) Ritmo/calendario,binary,,,1;2,,
control_temp_oido,Control_temp_oido,mujer,h. Planificación Familiar,"La madre conoce o ha oído hablar de Control de la temperatura, moco cervical (Billings)",binary,,,1;2,,
control_temp_vez,Control_temp_vez,mujer,h. Planificación Familiar,"La madre alguna vez ha usado Control de la temperatura, moco cervical (Billings)",binary,,,1;2,,
control_temp_actual,Control_temp_actual,mujer,h. Planificación Familiar,"La madre usa actualmente (durante los últimos 30 días) Control de la temperatura, moco cervical (Billings)",binary,,,1;2,,
retiro_oido,Retiro_oido,mujer,h. Planificación Familiar,La madre conoce o ha oído hablar de Retiro (él se retira cuando va a terminar),binary,,,1;2,,
retiro_vez,Retiro_vez,mujer,h. Planificación Familiar,La madre alguna vez ha usado Retiro (él se retira cuando va a terminar),binary,,,1;2,,
retiro_actual,Retiro_actual,mujer,h. Planificación Familiar,La madre usa actualmente (durante los últimos 30 días) Retiro (él se retira cuando va a terminar),binary,,,1;2,,
mela_oido,MELA_oido,mujer,h. Planificación Familiar,La madre conoce o ha oído hablar de MELA (Lactancia Materna),binary,,,1;2,,
mela_vez,MELA_vez,mujer,h. Planificación Familiar,La madre alguna vez ha usado MELA (Lactancia Materna),binary,,,1;2,,
mela_actual,MELA_actual,mujer,h. Planificación Familiar,La madre usa actualmente (durante los últimos 30 días) MELA (Lactancia Materna),binary,,,1;2,,
anticon_emergencia_oido,Anticon_emergencia_oido,mujer,h. Planificación Familiar,La madre conoce o ha oído hablar de Anticoncepción de emergencia,binary,,,1;2,,
anticon_emergencia_vez,Anticon_emergencia_vez,mujer,h. Planificación Familiar,La madre alguna vez ha usado Anticoncepción de emergencia,binary,,,1;2,,
plan_familiar_actual,Plan_familiar_actual,mujer,h. Planificación Familiar,La madre está usando algún método actualmente,binary,,,1;2,,
embarazada,Embarazada,mujer,h. Planificación Familiar,La madre está embarazada,factor,,,1;2;98,,
puede_quedar_embarazada,Puede_quedar_embarazada,mujer,h. Planificación Familiar,La madre cree que puede quedar embarazada,factor,,,1;2;98,,
puede_quedar_embarazada_razon,Puede_quedar_embarazada_razon,mujer,h. Planificación Familiar,La razón principal que la madre cree que no puede quedar embarazada,factor,,,1;2;3;4;5;6;96,,
puede_quedar_embarazada_razono,Puede_quedar_embarazada_razono,mujer,h. Planificación Familiar,Otra razón especificada principal que la madre cree que no puede quedar embarazada,text,,,,,
no_usa_plan_familiar_razon,No_usa_plan_familiar_razon,mujer,h. Planificación Familiar,La razón principal que la madre no usa un método anticonceptivo,numeric_continuous,0,146.5,,,bounds inferred from observed range with buffer; requires review
no_usa_plan_familiar_razono,No_usa_plan_familiar_razono,mujer,h. Planificación Familiar,Otra razón principal que la madre no usa un método anticonceptivo,text,,,,,
plan_familiar_actual_metodo,Plan_familiar_actual_metodo,mujer,h. Planificación Familiar,El método anticonceptivo principal que la madre utiliza actualmente,numeric_continuous,0,19,,,bounds inferred from observed range with buffer; requires review
esteril_fem_donde,Esteril_fem_donde,mujer,h. Planificación Familiar,El establecimiento donde le hicieron la esterilización feminino,factor,,,1;2;3;4;96,,
esteril_fem_dondeo,Esteril_fem_dondeo,mujer,h. Planificación Familiar,Otro establecimiento especificado donde le hicieron la esterilización,factor,,,"Aprofam;CAPS CENTRO DE SALUD;centro de salud;Centro de Salud;CENTRO DE SALUD, GUALAN;Centro Salud;en el puesto de salud jornada de aprofam;en puesto comunitario campaña;igss;Igss;IGSS;IGSS DE MAZATENANGO;jornada de aprofam en el centro de salud;jornada de la Municipalidad;JORNADA DE SALUD DE PARTE DE LA COOPERATIVA;jornada en el centro de salud;jornada medica de parte se aprofam en el puesto de salud;JORNADQ DE APROFAN EN EL CENTRO DE SALUD;NO recuerda",,
plan_familiar_donde,Plan_familiar_donde,mujer,h. Planificación Familiar,Lugar donde obtiene el método anticonceptivo que la madre usa,numeric_continuous,0,146.5,,,bounds inferred from observed range with buffer; requires review
plan_familiar_dondeo,Plan_familiar_dondeo,mujer,h. Planificación Familiar,Otro lugar donde obtiene el método anticonceptivo que la madre usa,factor,,,caimi;cap;JORNADA DE LOS GRINGOS;JORNADA DE MUNICIPALIDAD;jornada en el centeo de salud;jornada medica en la escuela de parte del centro de salud;RED SEGURA;SUPER MERCADO,,
tiempo_llegar_donde_planfam,Tiempo_llegar_donde_planfam,mujer,h. Planificación Familiar,Tiempo que la madre tarda normalmente para llegar al lugar donde obtiene el método anticonceptivo en minutos o horas (Utilizar con Tiempo_llegar_donde_planfam_uni),numeric_continuous,0,67,,,bounds inferred from observed range with buffer; requires review
tiempo_llegar_donde_planfam_uni,Tiempo_llegar_donde_planfam_uni,mujer,h. Planificación Familiar,Unidad de tiempo que la madre tarda normalmente para llegar al lugar donde obtiene el método anticonceptivo,factor,,,1;2;988,,
precio_consulta_planfam,Precio_consulta_planfam,mujer,h. Planificación Familiar,"El precio pagado por consulta de planificación familiar le parece caro, razonable, barato o no pagó nada",factor,,,1;2;3;4;98,,
precio_metodo_planfam,Precio_metodo_planfam,mujer,h. Planificación Familiar,"El precio pagado por el método anticonceptivo le parece caro, razonable, barato o no pagó nada",factor,,,1;2;3;4;98,,
quisiera_otrohijo,quisiera_otrohijo,mujer,i. Preferencias Reproductivas,Quisiera tener un (otro) hijo / hija,factor,,,1;2;3;4;98,,
quisiera_otrohijo_tiempo,quisiera_otrohijo_tiempo,mujer,i. Preferencias Reproductivas,Cuánto tiempo quisiera esperar antes del nacimiento de un (otro) hijo / hija,factor,,,1;2;3;4;5;96;98,,
quisiera_otrohijo_tiempomes,quisiera_otrohijo_tiempomes,mujer,i. Preferencias Reproductivas,Cuánto tiempo quisiera esperar antes del nacimiento de un (otro) hijo / hija en meses,numeric_continuous,0,29.5,,,bounds inferred from observed range with buffer; requires review
quisiera_otrohijo_tiempootro,quisiera_otrohijo_tiempootro,mujer,i. Preferencias Reproductivas,"Cuánto tiempo quisiera esperar antes del nacimiento de un (otro) hijo / hija, otra respuesta",factor,,,ELLA SI QUIERE TENER OTRO BEBE PERO SU ESPOSO DIJO YANO;ESTA ENFERMA;meses;no puede quedar embarazada;no se embaraza;PADECE DE OVARIOS POLIQUISTICOS;quiere embarazarce;quiere tener niño y no ha podido;si quiere quedar embarazada pero no puede,,
quisiera_cuantoshijos,quisiera_cuantoshijos,mujer,i. Preferencias Reproductivas,Número de hijos quisiera tener,numeric_continuous,0,98,,children,
quisiera_cuantoshijos_otro,quisiera_cuantoshijos_otro,mujer,i. Preferencias Reproductivas,"Número de hijos quisiera tener, otra respuesta",factor,,,2;4;6;77;98;los hijos que dfios quiera;NO QUIER TENER HIJOS;NO QUIERE TENER HIJOS;Nunca desea tener hijos;NUNCA PENSO EN ESO,,
af_trabajo_intensa,AF_trabajo_intensa,mujer,j. Actividad Física,"¿Exige su trabajo una actividad física intensa que implica una MAYOR VELOCIDAD O ACELERACIÓN de la respiración o de las palpitaciones del corazón, durante al menos 10 minutos SEGUIDOS?",binary,,,1;2,,
af_trabajo_intensa_dias,AF_trabajo_intensa_dias,mujer,j. Actividad Física,"En una semana típica, ¿cuántos días realiza usted actividades físicas intensas en su trabajo?",factor,,,1;2;3;4;5;6;7;8,,
af_trabajo_intensa_horas,AF_trabajo_intensa_horas,mujer,j. Actividad Física,"En uno de esos días en los que realiza actividades físicas intensas en su trabajo, ¿cuánto tiempo suele dedicar a esas actividades?: Horas",numeric_integer,0,24,,hours,
af_trabajo_intensa_min,AF_trabajo_intensa_min,mujer,j. Actividad Física,"En uno de esos días en los que realiza actividades físicas intensas en su trabajo, ¿cuánto tiempo suele dedicar a esas actividades?: Minutos",numeric_integer,0,1440,,minutes,
af_trabajo_mod,AF_trabajo_mod,mujer,j. Actividad Física,"¿Exige su trabajo actividades de intensidad moderada que implica una MENOR VELOCIDAD O ACELERACIÓN de la respiración o de las palpitaciones del corazón, durante al menos 10 minutos SEGUIDOS?",factor,,,1;2;98,,
af_trabajo_mod_dias,AF_trabajo_mod_dias,mujer,j. Actividad Física,"En una semana típica, ¿cuántos días realiza usted actividades de intensidad moderada en su trabajo?",factor,,,0.7;1;2;3;4;5;6;7,,
af_trabajo_mod_horas,AF_trabajo_mod_horas,mujer,j. Actividad Física,"En uno de esos días en los que realiza actividades físicas de intensidad moderada en su trabajo, ¿cuánto tiempo suele dedicar a esas actividades?: Horas",factor,,,0;1;2;3;4;6;8,,
af_trabajo_mod_min,AF_trabajo_mod_min,mujer,j. Actividad Física,"En uno de esos días en los que realiza actividades físicas de intensidad moderada en su trabajo, ¿cuánto tiempo suele dedicar a esas actividades?: Minutos",numeric_integer,0,1440,,minutes,
af_bicicleta,AF_bicicleta,mujer,j. Actividad Física,¿Camina usted o usa usted una bicicleta al menos 10 minutos SEGUIDOS CUANDO SE TRASLADA DE UN LUGAR A OTRO?,binary,,,1;2,,
af_bicicleta_dias,AF_bicicleta_dias,mujer,j. Actividad Física,"En una semana típica, ¿cuántos días camina o va en bicicleta al menos 10 minutos consecutivos en sus desplazamientos?",factor,,,0;1;2;3;4;5;6;7;8,,
af_bicicleta_horas,AF_bicicleta_horas,mujer,j. Actividad Física,"En un día típico, ¿cuánto tiempo pasa caminando o yendo en bicicleta para TRASLADARSE DE UN LUGAR A OTRO?: Horas",numeric_integer,0,24,,hours,
af_bicicleta_min,AF_bicicleta_min,mujer,j. Actividad Física,"En un día típico, ¿cuánto tiempo pasa caminando o yendo en bicicleta para TRASLADARSE DE UN LUGAR A OTRO?: Minutos",numeric_integer,0,1440,,minutes,
af_deporte_intensa,AF_deporte_intensa,mujer,j. Actividad Física,"¿En su tiempo libre, practica usted deportes/gimnasio intensos que implican una MAYOR VELOCIDAD O ACELERACIÓN de la respiración o de las palpitaciones del corazón durante al menos 10 minutos SEGUIDOS?",factor,,,1;2;98,,
af_deporte_intensa_dias,AF_deporte_intensa_dias,mujer,j. Actividad Física,"En una semana típica, ¿cuántos días practica usted deportes/gimnasio intensos en su tiempo libre?",factor,,,1;2;3;4;5;6;7,,
af_deporte_intensa_horas,AF_deporte_intensa_horas,mujer,j. Actividad Física,"En uno de esos días en los que practica deportes/gimnasio intensos, ¿cuánto tiempo suele dedicar a esas actividades?: Horas",factor,,,0;1;2;3;20,,
af_deporte_intensa_min,AF_deporte_intensa_min,mujer,j. Actividad Física,"En uno de esos días en los que practica deportes/gimnasio intensos, ¿cuánto tiempo suele dedicar a esas actividades?: Minutos",numeric_integer,0,1440,,minutes,
af_deporte_mod,AF_deporte_mod,mujer,j. Actividad Física,¿En su tiempo libre practica usted alguna actividad de intensidad moderada que implica una MENOR VELOCIDAD O ACELERACIÓN de la respiración o de las palpitaciones del corazón durante al menos 10 minutos SEGUIDOS?,factor,,,1;2;98,,
af_deporte_mod_dias,AF_deporte_mod_dias,mujer,j. Actividad Física,"En una semana típica, ¿cuántos días practica usted actividades físicas de intensidad moderada en su tiempo libre?",factor,,,1;2;3;4;5;6;7,,
af_deporte_mod_horas,AF_deporte_mod_horas,mujer,j. Actividad Física,"En uno de esos días en los que practica actividades físicas de intensidad moderada en su tiempo libre?, ¿cuánto tiempo suele dedicar a esas actividades?: Horas",factor,,,0;1;2;3;4;5;11,,
af_deporte_mod_min,AF_deporte_mod_min,mujer,j. Actividad Física,"En uno de esos días en los que practica actividades físicas de intensidad moderada en su tiempo libre?, ¿cuánto tiempo suele dedicar a esas actividades?: Minutos",factor,,,0;10;15;20;25;30;40;45;50,,
af_sedentario_hora,AF_sedentario_hora,mujer,j. Actividad Física,¿Cuánto tiempo suele pasar sentado o recostado en un día típico?: Horas,numeric_continuous,0,30,,,bounds inferred from observed range with buffer; requires review
af_sedentario_min,AF_sedentario_min,mujer,j. Actividad Física,¿Cuánto tiempo suele pasar sentado o recostado en un día típico?: Minutos,numeric_integer,0,1440,,minutes,
talla_resultado_medicion,Talla_Resultado_medicion,mujer,f. Antropometría,"Resultado de la medición de talla: 1=Medido, 3=No presente, 5=Rechazo, 6=Otro",factor,,,1;3;4;96,,
talla_cm,Talla_cm,mujer,f. Antropometría,Talla/longitud del niño (cm),numeric_continuous,30,200,,cm,anthropometric height/length
talla_hora,Talla_hora,mujer,f. Antropometría,Hora de medición de talla,numeric_continuous,0,129030,,,bounds inferred from observed range with buffer; requires review
talla_equipo,Talla_equipo,mujer,f. Antropometría,Código tallimetro,id,,,,,
peso_resultado_medicion,Peso_Resultado_medicion,mujer,f. Antropometría,"Resultado de la medición de peso: 1=Medido, 3=No presente, 5=Rechazo, 6=Otro",factor,,,1;3;4;96,,
peso_kg,Peso_kg,mujer,f. Antropometría,Peso del niño (kg) - menos peso de su ropa,numeric_continuous,0.5,200,,kg,anthropometric weight
peso_hora,Peso_hora,mujer,f. Antropometría,Hora de medición de peso,numeric_continuous,0,129030,,,bounds inferred from observed range with buffer; requires review
peso_equipo,Peso_equipo,mujer,f. Antropometría,Código de pesa,id,,,,,
cintura_resultado_medicion,Cintura_Resultado_medicion,mujer,k. Antropometría,Resultado de la medición de la cintura de la mujer,factor,,,1;3;4;96,,
cintura_cm,Cintura_cm,mujer,k. Antropometría,Cintura de la mujer (cm),numeric_continuous,30,200,,cm,
cintura_hora,Cintura_hora,mujer,k. Antropometría,Hora de la medición de cintura de la mujer,numeric_continuous,0,127890,,,bounds inferred from observed range with buffer; requires review
cintura_equipo,Cintura_equipo,mujer,k. Antropometría,Código del equipo,numeric_continuous,0,122.5,,,bounds inferred from observed range with buffer; requires review
cadera_resultado_medicion,Cadera_Resultado_medicion,mujer,k. Antropometría,Resultado de la medición de la cadera de la mujer,factor,,,1;2;3;4;96,,
cadera_cm,Cadera_cm,mujer,k. Antropometría,Cadera de la mujer (cm),numeric_continuous,30,200,,cm,
codigo_tecnico_lab,Codigo_tecnico_lab,mujer,l. Índices Biológicos,Código del técnico de laboratorio,id,,,,,
sangre_ven_recolect,Sangre_ven_recolect,mujer,g. Índices biológicos,Sangre venosa recolectada,binary,,,1;2,,
sangre_ven_suf,Sangre_ven_suf,mujer,g. Índices biológicos,Sangre venosa volumen suficiente,binary,,,1;2,,
hb_gdl,Hb_gdl,mujer,l. Índices Biológicos,"Hemoglobina (g/dL) de la madre, no ajustada",numeric_continuous,3,25,,g/dL,hemoglobin g/dL
orina_recolect,Orina_recolect,mujer,l. Índices Biológicos,Orina recolectada,binary,,,1;2,,
presion_sistolica,Presion_sistolica,mujer,l. Índices Biológicos,Presión arterial sistólica (mm/g),numeric_continuous,60,250,,mmHg,systolic blood pressure
presion_diastolica,Presion_diastolica,mujer,l. Índices Biológicos,Presión arterial diastólica (mm/g),numeric_continuous,40,150,,mmHg,diastolic blood pressure
hbajustada,HBAJUSTADA,mujer,l. Índices Biológicos,"Hemoglobina (g/dL) de la madre, ajustada por altura (altitud) y cigarillos fumados (OMS)",numeric_continuous,3,25,,g/dL,
anemia,Anemia,mujer,l. Índices Biológicos,Mujeres embarazadas: Hb<11 g/dL o no embarazadas: Hb<12 g/dL,binary,,,1-No;1-Si,,
brc_ida_mujer,brc_IDA_MUJER,mujer,l. Índices Biológicos,"Deficiencia de Hierro [IDA], anemia & SF <15 mcg/L (corregida por inflamación para inflammation - BRINDA)",binary,,,No;SI,,
ida_mujer,IDA_MUJER,mujer,l. Índices Biológicos,"Deficiencia de Hierro [IDA], anemia & SF <15 mcg/L  (no corregida por inflamación para inflammation)",binary,,,No;SI,,
imc,IMC,mujer,f. Antropometría,"Categorías de Indice de Masa Corporal: 0=Peso Normal, 1=Bajo Peso, 2=Sobrepeso",numeric_continuous,0,73.27385,,,bounds inferred from observed range with buffer; requires review
imc_cat,IMC_cat,mujer,k. Antropometría,"Indice de masa corporal (kg/m^2), categorías",factor,,,"A.Bajo, <18.5;B.Normal,18.5;C.Sobrepeso,;D.Obesidad, >",,
talla_pequena,talla_pequena,mujer,k. Antropometría,1=Talla <145cm; 0=Talla >=145cm,binary,,,0;1,,
nboletahogar,nboletahogar,miembros,a. Información básica,número del cuestionario del hogar,id,,,,,
conglomerado,Conglomerado,miembros,a. Información básica,ID Cartográfica: conglomerado; utiliza para corregir los errores estándares en todos los análisis,numeric_continuous,0,100000000,,id,cluster identifier
nlinea,NLINEA,miembros,a. Información básica,número de línea (A029 de cuestionario de hogar),id,,,,,
parentesco,Parentesco,miembros,,Parentesco del miembro con el jefe de hogar,numeric_continuous,0,17.5,,,bounds inferred from observed range with buffer; requires review
sexo,Sexo,miembros,,Sexo del miembro de hogar,binary,,,1;2,,
edad,Edad,miembros,,Edad (años) del miembro de hogar,numeric_continuous,0,120,,years,household member age
embarazada_lactante,Embarazada_lactante,miembros,b. Characterísticas generales,"Estado fisiológico de la madre (embarazada, lactancia, no embarazada ni lactante, o no aplica)",factor,,,1;2;3;4,,
sabe_leer,Sabe_leer,miembros,,El miembro de hogar sabe leer,binary,,,1;2,,
asistido_escuela_vez,Asistido_escuela_vez,miembros,b. Characterísticas generales,La madre ha asistido alguna vez a la escuela,factor,,,1;2;98,,
estudiando_actual,Estudiando_actual,miembros,b. Characterísticas generales,La madre está estudiando actualmente,factor,,,1;2;98,,
grado_estudio,Grado_estudio,miembros,b. Characterísticas generales,Último año de estudios que ganó,factor,,,0-Ninguno;1-Primaria;2-Secundaria;3-Superior/universitaria;4-Alfabetización;9-No sabe,,
grado_estudio_an,Grado_estudio_an,miembros,,El último año educativo del miembro de hogar,numeric_continuous,0,25,,years_completed,
ocupacion,Ocupacion,miembros,,La ocupación principal del miembro de hogar,text,,,,,
